iteration,current_obj,best_obj,temperature,destroy_op,repair_op,outcome,coverage_pct
0,591545214.9038923,591545214.9038923,5903621.244740845,spatial,greedy,rejected,99.0909090909091
1,591545214.9038923,591545214.9038923,5891814.002251363,random,greedy,rejected,100.0
2,591545214.9038923,591545214.9038923,5880030.374246861,random,regret,rejected,100.0
3,591545214.9038923,591545214.9038923,5868270.313498368,random,regret,rejected,100.0
4,591545214.9038923,591545214.9038923,5856533.77287137,worst,greedy,rejected,99.0909090909091
5,591545214.9038923,591545214.9038923,5844820.705325628,spatial,greedy,rejected,96.36363636363636
6,591545214.9038923,591545214.9038923,5833131.063914976,time_window,risk_priority,rejected,100.0
7,591545214.9038923,591545214.9038923,5821464.801787146,worst,regret,rejected,100.0
8,591545214.9038923,591545214.9038923,5809821.8721835725,spatial,risk_priority,rejected,96.36363636363636
9,591545214.9038923,591545214.9038923,5798202.228439205,spatial,greedy,rejected,96.36363636363636
10,591545214.9038923,591545214.9038923,5786605.823982327,spatial,greedy,rejected,98.18181818181819
11,591545214.9038923,591545214.9038923,5775032.612334362,time_window,greedy,accepted_worse,100.0
12,591545214.9038923,591545214.9038923,5763482.547109693,spatial,regret,rejected,100.0
13,591545214.9038923,591545214.9038923,5751955.582015474,spatial,regret,rejected,100.0
14,591545214.9038923,591545214.9038923,5740451.670851443,time_window,regret,rejected,100.0
15,591545214.9038923,591545214.9038923,5728970.76750974,worst,risk_priority,rejected,94.54545454545455
16,591545214.9038923,591545214.9038923,5717512.8259747205,random,regret,rejected,99.0909090909091
17,591545214.9038923,591545214.9038923,5706077.800322771,worst,random,rejected,100.0
18,591545214.9038923,591545214.9038923,5694665.6447221255,random,random,rejected,100.0
19,591545214.9038923,591545214.9038923,5683276.313432681,time_window,greedy,accepted_worse,100.0
20,591545214.9038923,591545214.9038923,5671909.760805816,random,regret,rejected,100.0
21,591545214.9038923,591545214.9038923,5660565.941284205,time_window,greedy,accepted_worse,100.0
22,591545214.9038923,591545214.9038923,5649244.809401636,worst,risk_priority,rejected,97.27272727272727
23,591545214.9038923,591545214.9038923,5637946.319782833,spatial,regret,rejected,99.0909090909091
24,591545214.9038923,591545214.9038923,5626670.427143267,worst,risk_priority,rejected,97.27272727272727
25,591545214.9038923,591545214.9038923,5615417.086288981,worst,risk_priority,rejected,99.0909090909091
26,591545214.9038923,591545214.9038923,5604186.252116404,worst,regret,rejected,98.18181818181819
27,591545214.9038923,591545214.9038923,5592977.879612171,spatial,greedy,rejected,100.0
28,591545214.9038923,591545214.9038923,5581791.923852947,random,risk_priority,rejected,98.18181818181819
29,591545214.9038923,591545214.9038923,5570628.34000524,spatial,greedy,rejected,97.27272727272727
30,591545214.9038923,591545214.9038923,5559487.08332523,spatial,random,rejected,100.0
31,591545214.9038923,591545214.9038923,5548368.109158579,worst,random,rejected,100.0
32,591545214.9038923,591545214.9038923,5537271.372940262,worst,greedy,rejected,100.0
33,591545214.9038923,591545214.9038923,5526196.830194381,time_window,risk_priority,rejected,100.0
34,591545214.9038923,591545214.9038923,5515144.436533992,random,regret,rejected,100.0
35,591545214.9038923,591545214.9038923,5504114.147660924,random,risk_priority,rejected,99.0909090909091
36,591545214.9038923,591545214.9038923,5493105.919365603,spatial,risk_priority,rejected,97.27272727272727
37,591545214.9038923,591545214.9038923,5482119.707526871,random,greedy,rejected,100.0
38,591545214.9038923,591545214.9038923,5471155.468111817,random,greedy,rejected,100.0
39,591545214.9038923,591545214.9038923,5460213.157175593,random,risk_priority,rejected,100.0
40,591545214.9038923,591545214.9038923,5449292.730861242,time_window,greedy,rejected,97.27272727272727
41,591545214.9038923,591545214.9038923,5438394.145399519,time_window,greedy,rejected,100.0
42,591545214.9038923,591545214.9038923,5427517.357108721,worst,regret,rejected,99.0909090909091
43,591545214.9038923,591545214.9038923,5416662.322394503,worst,random,rejected,100.0
44,591545214.9038923,591545214.9038923,5405828.997749714,spatial,risk_priority,rejected,96.36363636363636
45,591545214.9038923,591545214.9038923,5395017.3397542145,worst,regret,rejected,99.0909090909091
46,591545214.9038923,591545214.9038923,5384227.305074706,random,random,rejected,100.0
47,591545214.9038923,591545214.9038923,5373458.850464556,random,regret,rejected,100.0
48,591545214.9038923,591545214.9038923,5362711.932763627,spatial,greedy,rejected,98.18181818181819
49,591545214.9038923,591545214.9038923,5351986.5088981,random,risk_priority,rejected,98.18181818181819
50,591545214.9038923,591545214.9038923,5341282.535880304,spatial,regret,rejected,100.0
51,591545214.9038923,591545214.9038923,5330599.970808543,random,greedy,rejected,99.0909090909091
52,591545214.9038923,591545214.9038923,5319938.770866926,spatial,risk_priority,rejected,93.63636363636364
53,591545214.9038923,591545214.9038923,5309298.893325192,worst,risk_priority,rejected,95.45454545454545
54,591545214.9038923,591545214.9038923,5298680.295538542,random,regret,rejected,100.0
55,591545214.9038923,591545214.9038923,5288082.934947465,spatial,regret,rejected,100.0
56,591545214.9038923,591545214.9038923,5277506.769077569,spatial,greedy,rejected,100.0
57,591545214.9038923,591545214.9038923,5266951.7555394145,time_window,regret,rejected,100.0
58,591545214.9038923,591545214.9038923,5256417.852028335,random,risk_priority,rejected,100.0
59,591545214.9038923,591545214.9038923,5245905.016324279,random,greedy,rejected,99.0909090909091
60,591545214.9038923,591545214.9038923,5235413.20629163,time_window,greedy,accepted_worse,100.0
61,591545214.9038923,591545214.9038923,5224942.379879046,worst,random,rejected,100.0
62,591545214.9038923,591545214.9038923,5214492.495119289,spatial,greedy,rejected,100.0
63,591545214.9038923,591545214.9038923,5204063.51012905,spatial,greedy,rejected,96.36363636363636
64,591545214.9038923,591545214.9038923,5193655.383108792,worst,risk_priority,rejected,97.27272727272727
65,591545214.9038923,591545214.9038923,5183268.072342575,worst,regret,rejected,97.27272727272727
66,591545214.9038923,591545214.9038923,5172901.53619789,worst,regret,rejected,100.0
67,591545214.9038923,591545214.9038923,5162555.733125494,spatial,random,rejected,100.0
68,591545214.9038923,591545214.9038923,5152230.621659243,time_window,greedy,rejected,100.0
69,591545214.9038923,591545214.9038923,5141926.160415924,time_window,random,rejected,100.0
70,591545214.9038923,591545214.9038923,5131642.308095092,worst,risk_priority,rejected,97.27272727272727
71,591545214.9038923,591545214.9038923,5121379.023478902,spatial,regret,rejected,100.0
72,591545214.9038923,591545214.9038923,5111136.265431944,time_window,greedy,rejected,100.0
73,591545214.9038923,591545214.9038923,5100913.99290108,time_window,random,rejected,100.0
74,591545214.9038923,591545214.9038923,5090712.164915279,random,regret,rejected,100.0
75,591545214.9038923,591545214.9038923,5080530.740585448,spatial,random,rejected,100.0
76,591545214.9038923,591545214.9038923,5070369.679104277,time_window,random,rejected,100.0
77,599758266.4102083,591545214.9038923,5060228.939746069,random,risk_priority,accepted_worse,100.0
78,541531428.0533464,541531428.0533464,5050108.481866577,time_window,risk_priority,new_best,100.0
79,541531428.0533464,541531428.0533464,5040008.264902843,spatial,risk_priority,rejected,98.18181818181819
80,541531428.0533464,541531428.0533464,5029928.248373037,random,risk_priority,rejected,100.0
81,541531428.0533464,541531428.0533464,5019868.3918762915,time_window,greedy,rejected,99.0909090909091
82,541531428.0533464,541531428.0533464,5009828.655092539,worst,risk_priority,rejected,95.45454545454545
83,541531428.0533464,541531428.0533464,4999808.997782354,spatial,random,rejected,100.0
84,536729812.2722951,536729812.2722951,4989809.379786789,time_window,risk_priority,new_best,100.0
85,536729812.2722951,536729812.2722951,4979829.761027216,worst,random,rejected,100.0
86,536729812.2722951,536729812.2722951,4969870.101505161,worst,greedy,rejected,97.27272727272727
87,536729812.2722951,536729812.2722951,4959930.361302151,worst,greedy,rejected,98.18181818181819
88,536729812.2722951,536729812.2722951,4950010.500579547,random,greedy,rejected,99.0909090909091
89,536729812.2722951,536729812.2722951,4940110.479578388,worst,regret,rejected,99.0909090909091
90,536729812.2722951,536729812.2722951,4930230.258619231,spatial,regret,rejected,100.0
91,536729812.2722951,536729812.2722951,4920369.798101992,spatial,random,rejected,100.0
92,536729812.2722951,536729812.2722951,4910529.058505788,spatial,greedy,rejected,100.0
93,536729812.2722951,536729812.2722951,4900708.000388777,random,greedy,rejected,99.0909090909091
94,536729812.2722951,536729812.2722951,4890906.584387999,worst,regret,rejected,97.27272727272727
95,536729812.2722951,536729812.2722951,4881124.771219223,spatial,regret,rejected,100.0
96,536729812.2722951,536729812.2722951,4871362.521676784,time_window,greedy,rejected,98.18181818181819
97,536729812.2722951,536729812.2722951,4861619.796633431,worst,regret,rejected,100.0
98,536729812.2722951,536729812.2722951,4851896.557040164,worst,random,rejected,100.0
99,536729812.2722951,536729812.2722951,4842192.763926084,worst,regret,rejected,97.27272727272727
100,536729812.2722951,536729812.2722951,4832508.378398232,time_window,risk_priority,rejected,94.54545454545455
101,536729812.2722951,536729812.2722951,4822843.361641436,time_window,greedy,rejected,98.18181818181819
102,536729812.2722951,536729812.2722951,4813197.674918153,random,risk_priority,rejected,98.18181818181819
103,536729812.2722951,536729812.2722951,4803571.279568317,time_window,risk_priority,rejected,100.0
104,536729812.2722951,536729812.2722951,4793964.137009181,time_window,risk_priority,accepted_worse,100.0
105,536729812.2722951,536729812.2722951,4784376.208735162,spatial,regret,rejected,100.0
106,535719949.9859796,535719949.9859796,4774807.456317692,time_window,risk_priority,new_best,100.0
107,535719949.9859796,535719949.9859796,4765257.841405056,time_window,regret,rejected,100.0
108,523223664.02387583,523223664.02387583,4755727.325722246,time_window,risk_priority,new_best,100.0
109,523223664.02387583,523223664.02387583,4746215.871070802,time_window,greedy,rejected,100.0
110,523223664.02387583,523223664.02387583,4736723.43932866,time_window,random,rejected,100.0
111,523223664.02387583,523223664.02387583,4727249.992450003,time_window,greedy,rejected,100.0
112,523223664.02387583,523223664.02387583,4717795.492465102,time_window,greedy,accepted_worse,100.0
113,523223664.02387583,523223664.02387583,4708359.901480172,time_window,random,rejected,100.0
114,523223664.02387583,523223664.02387583,4698943.181677211,time_window,random,rejected,100.0
115,523223664.02387583,523223664.02387583,4689545.295313857,random,greedy,rejected,100.0
116,523223664.02387583,523223664.02387583,4680166.204723229,time_window,risk_priority,rejected,98.18181818181819
117,521733533.1049286,521733533.1049286,4670805.872313783,time_window,risk_priority,new_best,100.0
118,521733533.1049286,521733533.1049286,4661464.260569155,time_window,greedy,accepted_worse,100.0
119,521733533.1049286,521733533.1049286,4652141.332048017,time_window,risk_priority,rejected,100.0
120,521733533.1049286,521733533.1049286,4642837.049383921,time_window,greedy,rejected,100.0
121,521733533.1049286,521733533.1049286,4633551.375285152,time_window,greedy,rejected,100.0
122,521733533.1049286,521733533.1049286,4624284.272534582,time_window,risk_priority,accepted_worse,100.0
123,521733533.1049286,521733533.1049286,4615035.703989512,time_window,random,rejected,100.0
124,521733533.1049286,521733533.1049286,4605805.632581533,time_window,regret,rejected,100.0
125,521733533.1049286,521733533.1049286,4596594.02131637,time_window,greedy,rejected,100.0
126,524673872.96808654,521733533.1049286,4587400.833273738,time_window,regret,accepted_worse,100.0
127,524673872.96808654,521733533.1049286,4578226.03160719,time_window,risk_priority,rejected,100.0
128,524673872.96808654,521733533.1049286,4569069.579543976,time_window,risk_priority,rejected,98.18181818181819
129,524673872.96808654,521733533.1049286,4559931.440384888,random,greedy,rejected,99.0909090909091
130,524673872.96808654,521733533.1049286,4550811.577504118,time_window,risk_priority,rejected,94.54545454545455
131,524673872.96808654,521733533.1049286,4541709.95434911,spatial,risk_priority,rejected,96.36363636363636
132,524673872.96808654,521733533.1049286,4532626.534440411,time_window,random,rejected,100.0
133,524673872.96808654,521733533.1049286,4523561.28137153,time_window,risk_priority,rejected,100.0
134,524673872.96808654,521733533.1049286,4514514.158808787,time_window,random,rejected,100.0
135,492888806.7386117,492888806.7386117,4505485.13049117,time_window,risk_priority,new_best,100.0
136,492888806.7386117,492888806.7386117,4496474.160230188,time_window,regret,rejected,100.0
137,492888806.7386117,492888806.7386117,4487481.211909727,spatial,greedy,rejected,100.0
138,492888806.7386117,492888806.7386117,4478506.249485908,time_window,regret,rejected,100.0
139,492888806.7386117,492888806.7386117,4469549.236986936,worst,random,rejected,100.0
140,492888806.7386117,492888806.7386117,4460610.1385129625,time_window,risk_priority,rejected,98.18181818181819
141,492888806.7386117,492888806.7386117,4451688.918235936,spatial,regret,rejected,100.0
142,492888806.7386117,492888806.7386117,4442785.540399465,time_window,regret,accepted_worse,100.0
143,411394943.834398,411394943.834398,4433899.969318666,time_window,risk_priority,new_best,100.0
144,411394943.834398,411394943.834398,4425032.169380028,random,greedy,rejected,100.0
145,379078517.5017674,379078517.5017674,4416182.105041267,time_window,risk_priority,new_best,100.0
146,381387128.2480813,379078517.5017674,4407349.740831185,time_window,risk_priority,accepted_worse,100.0
147,381387128.2480813,379078517.5017674,4398535.041349523,time_window,risk_priority,rejected,99.0909090909091
148,381387128.2480813,379078517.5017674,4389737.971266824,random,risk_priority,rejected,100.0
149,381387128.2480813,379078517.5017674,4380958.49532429,time_window,risk_priority,rejected,100.0
150,381387128.2480813,379078517.5017674,4372196.578333641,random,greedy,rejected,99.0909090909091
151,381387128.2480813,379078517.5017674,4363452.185176974,time_window,risk_priority,rejected,95.45454545454545
152,381387128.2480813,379078517.5017674,4354725.280806621,time_window,risk_priority,rejected,100.0
153,381387128.2480813,379078517.5017674,4346015.830245008,time_window,greedy,rejected,100.0
154,359073722.34176916,359073722.34176916,4337323.798584518,time_window,risk_priority,new_best,100.0
155,347769294.4943995,347769294.4943995,4328649.1509873485,time_window,risk_priority,new_best,100.0
156,347769294.4943995,347769294.4943995,4319991.852685374,worst,greedy,rejected,100.0
157,347769294.4943995,347769294.4943995,4311351.8689800035,spatial,random,rejected,100.0
158,347769294.4943995,347769294.4943995,4302729.165242043,time_window,risk_priority,rejected,100.0
159,347769294.4943995,347769294.4943995,4294123.706911559,time_window,greedy,rejected,98.18181818181819
160,347769294.4943995,347769294.4943995,4285535.459497736,random,risk_priority,rejected,100.0
161,347769294.4943995,347769294.4943995,4276964.38857874,time_window,risk_priority,rejected,100.0
162,347769294.4943995,347769294.4943995,4268410.459801583,random,greedy,rejected,100.0
163,335888552.3975545,335888552.3975545,4259873.6388819795,time_window,risk_priority,new_best,100.0
164,335888552.3975545,335888552.3975545,4251353.891604216,time_window,random,rejected,100.0
165,335888552.3975545,335888552.3975545,4242851.183821008,random,regret,rejected,100.0
166,327420739.4596604,327420739.4596604,4234365.481453366,time_window,risk_priority,new_best,100.0
167,327420739.4596604,327420739.4596604,4225896.750490459,random,risk_priority,rejected,98.18181818181819
168,327420739.4596604,327420739.4596604,4217444.956989477,spatial,risk_priority,rejected,100.0
169,327420739.4596604,327420739.4596604,4209010.067075498,spatial,greedy,rejected,100.0
170,313926693.84281987,313926693.84281987,4200592.046941347,time_window,risk_priority,new_best,100.0
171,307656921.91860956,307656921.91860956,4192190.8628474646,time_window,risk_priority,new_best,100.0
172,302454018.40703046,302454018.40703046,4183806.4811217696,time_window,risk_priority,new_best,100.0
173,302454018.40703046,302454018.40703046,4175438.868159526,worst,risk_priority,rejected,99.0909090909091
174,302454018.40703046,302454018.40703046,4167087.990423207,time_window,greedy,rejected,100.0
175,302454018.40703046,302454018.40703046,4158753.814442361,time_window,risk_priority,rejected,100.0
176,302454018.40703046,302454018.40703046,4150436.306813476,worst,risk_priority,rejected,97.27272727272727
177,302454018.40703046,302454018.40703046,4142135.434199849,worst,risk_priority,rejected,96.36363636363636
178,302454018.40703046,302454018.40703046,4133851.1633314495,time_window,random,rejected,100.0
179,302454018.40703046,302454018.40703046,4125583.4610047867,spatial,risk_priority,rejected,100.0
180,302454018.40703046,302454018.40703046,4117332.294082777,time_window,random,rejected,100.0
181,302454018.40703046,302454018.40703046,4109097.6294946116,time_window,greedy,rejected,100.0
182,302454018.40703046,302454018.40703046,4100879.4342356226,time_window,greedy,accepted_worse,100.0
183,303039296.9143982,302454018.40703046,4092677.6753671514,time_window,risk_priority,accepted_worse,100.0
184,303039296.9143982,302454018.40703046,4084492.320016417,time_window,greedy,rejected,100.0
185,303039296.9143982,302454018.40703046,4076323.335376384,time_window,greedy,rejected,98.18181818181819
186,303039296.9143982,302454018.40703046,4068170.6887056315,random,risk_priority,rejected,100.0
187,303039296.9143982,302454018.40703046,4060034.3473282205,random,risk_priority,rejected,100.0
188,303039296.9143982,302454018.40703046,4051914.2786335642,worst,risk_priority,rejected,99.0909090909091
189,303039296.9143982,302454018.40703046,4043810.450076297,time_window,regret,rejected,100.0
190,303039296.9143982,302454018.40703046,4035722.829176144,time_window,greedy,accepted_worse,100.0
191,303039296.9143982,302454018.40703046,4027651.383517792,time_window,random,rejected,100.0
192,303039296.9143982,302454018.40703046,4019596.0807507564,spatial,risk_priority,rejected,100.0
193,304703793.40281934,302454018.40703046,4011556.888589255,time_window,risk_priority,accepted_worse,100.0
194,304703793.40281934,302454018.40703046,4003533.7748120767,time_window,risk_priority,rejected,98.18181818181819
195,304703793.40281934,302454018.40703046,3995526.7072624527,worst,risk_priority,rejected,96.36363636363636
196,312847804.14913523,302454018.40703046,3987535.6538479277,time_window,risk_priority,accepted_worse,100.0
197,312847804.14913523,302454018.40703046,3979560.5825402318,time_window,risk_priority,rejected,100.0
198,310837995.81439894,302454018.40703046,3971601.4613751513,time_window,risk_priority,improvement,100.0
199,310837995.81439894,302454018.40703046,3963658.258452401,time_window,risk_priority,rejected,100.0
200,306505853.7091359,302454018.40703046,3955730.9419354964,time_window,risk_priority,improvement,100.0
201,301361274.3217674,301361274.3217674,3947819.4800516255,time_window,risk_priority,new_best,100.0
202,301361274.3217674,301361274.3217674,3939923.8410915225,time_window,risk_priority,rejected,98.18181818181819
203,301361274.3217674,301361274.3217674,3932043.9934093393,spatial,risk_priority,rejected,98.18181818181819
204,301364410.9438734,301361274.3217674,3924179.905422521,time_window,risk_priority,accepted_worse,100.0
205,301364410.9438734,301361274.3217674,3916331.545611676,time_window,greedy,accepted_worse,100.0
206,301364410.9438734,301361274.3217674,3908498.8825204526,time_window,regret,rejected,100.0
207,301364410.9438734,301361274.3217674,3900681.8847554117,time_window,regret,rejected,100.0
208,301364410.9438734,301361274.3217674,3892880.520985901,time_window,regret,rejected,100.0
209,293123434.19650435,293123434.19650435,3885094.759943929,time_window,risk_priority,new_best,100.0
210,293123434.19650435,293123434.19650435,3877324.5704240412,time_window,risk_priority,rejected,97.27272727272727
211,293123434.19650435,293123434.19650435,3869569.921283193,time_window,regret,rejected,100.0
212,291221864.01545113,291221864.01545113,3861830.7814406264,time_window,risk_priority,new_best,100.0
213,286453111.6038722,286453111.6038722,3854107.119877745,time_window,risk_priority,new_best,100.0
214,283801121.91018766,283801121.91018766,3846398.9056379893,time_window,risk_priority,new_best,100.0
215,283801121.91018766,283801121.91018766,3838706.1078267135,spatial,risk_priority,rejected,99.0909090909091
216,283801121.91018766,283801121.91018766,3831028.69561106,time_window,risk_priority,rejected,100.0
217,283801121.91018766,283801121.91018766,3823366.638219838,time_window,greedy,accepted_worse,100.0
218,283801121.91018766,283801121.91018766,3815719.904943398,time_window,risk_priority,rejected,97.27272727272727
219,283801121.91018766,283801121.91018766,3808088.4651335115,time_window,risk_priority,rejected,100.0
220,283801121.91018766,283801121.91018766,3800472.2882032446,time_window,regret,rejected,100.0
221,283801121.91018766,283801121.91018766,3792871.343626838,time_window,risk_priority,rejected,100.0
222,283801121.91018766,283801121.91018766,3785285.6009395844,time_window,risk_priority,rejected,100.0
223,274434724.3301893,274434724.3301893,3777715.0297377054,time_window,risk_priority,new_best,100.0
224,276324026.30176747,274434724.3301893,3770159.59967823,time_window,risk_priority,accepted_worse,100.0
225,276324026.30176747,274434724.3301893,3762619.2804788738,spatial,risk_priority,rejected,100.0
226,276324026.30176747,274434724.3301893,3755094.041917916,time_window,risk_priority,rejected,100.0
227,277044725.86176646,274434724.3301893,3747583.85383408,time_window,risk_priority,accepted_worse,100.0
228,277044725.86176646,274434724.3301893,3740088.686126412,time_window,risk_priority,rejected,95.45454545454545
229,277044725.86176646,274434724.3301893,3732608.508754159,time_window,greedy,rejected,100.0
230,277044725.86176646,274434724.3301893,3725143.2917366507,time_window,risk_priority,rejected,100.0
231,277044725.86176646,274434724.3301893,3717693.0051531773,time_window,risk_priority,rejected,97.27272727272727
232,277044725.86176646,274434724.3301893,3710257.619142871,time_window,risk_priority,rejected,100.0
233,279238459.85229266,274434724.3301893,3702837.1039045854,time_window,risk_priority,accepted_worse,100.0
234,279238459.85229266,274434724.3301893,3695431.429696776,time_window,risk_priority,accepted_worse,100.0
235,279238459.85229266,274434724.3301893,3688040.5668373825,time_window,risk_priority,rejected,100.0
236,278665429.5933454,274434724.3301893,3680664.4857037077,time_window,risk_priority,improvement,100.0
237,278665429.5933454,274434724.3301893,3673303.1567323003,time_window,risk_priority,rejected,100.0
238,278665429.5933454,274434724.3301893,3665956.5504188356,time_window,risk_priority,rejected,100.0
239,278665429.5933454,274434724.3301893,3658624.637317998,time_window,risk_priority,rejected,100.0
240,278665429.5933454,274434724.3301893,3651307.3880433617,time_window,risk_priority,rejected,100.0
241,278665429.5933454,274434724.3301893,3644004.773267275,time_window,risk_priority,rejected,100.0
242,278665429.5933454,274434724.3301893,3636716.7637207406,time_window,risk_priority,rejected,100.0
243,276289314.9038719,274434724.3301893,3629443.330193299,time_window,risk_priority,improvement,100.0
244,276289314.9038719,274434724.3301893,3622184.443532912,time_window,risk_priority,rejected,100.0
245,276289314.9038719,274434724.3301893,3614940.074645846,random,risk_priority,rejected,100.0
246,276289314.9038719,274434724.3301893,3607710.1944965543,time_window,greedy,accepted_worse,100.0
247,276289314.9038719,274434724.3301893,3600494.774107561,time_window,regret,rejected,100.0
248,276289314.9038719,274434724.3301893,3593293.784559346,time_window,greedy,accepted_worse,100.0
249,276289314.9038719,274434724.3301893,3586107.1969902273,time_window,greedy,accepted_worse,100.0
250,276289314.9038719,274434724.3301893,3578934.982596247,time_window,regret,rejected,100.0
251,276289314.9038719,274434724.3301893,3571777.1126310546,time_window,risk_priority,rejected,100.0
252,276289314.9038719,274434724.3301893,3564633.5584057923,time_window,risk_priority,rejected,100.0
253,276289314.9038719,274434724.3301893,3557504.2912889807,spatial,regret,rejected,100.0
254,276289314.9038719,274434724.3301893,3550389.2827064027,time_window,risk_priority,rejected,100.0
255,276289314.9038719,274434724.3301893,3543288.50414099,time_window,risk_priority,rejected,95.45454545454545
256,276289314.9038719,274434724.3301893,3536201.927132708,time_window,risk_priority,rejected,100.0
257,276289314.9038719,274434724.3301893,3529129.5232784427,time_window,greedy,accepted_worse,100.0
258,276289314.9038719,274434724.3301893,3522071.264231886,time_window,random,rejected,100.0
259,276289314.9038719,274434724.3301893,3515027.121703422,spatial,risk_priority,rejected,97.27272727272727
260,276289314.9038719,274434724.3301893,3507997.0674600154,time_window,risk_priority,rejected,100.0
261,276289314.9038719,274434724.3301893,3500981.073325095,time_window,regret,rejected,100.0
262,276289314.9038719,274434724.3301893,3493979.111178445,time_window,risk_priority,rejected,97.27272727272727
263,276289314.9038719,274434724.3301893,3486991.152956088,time_window,regret,rejected,100.0
264,276289314.9038719,274434724.3301893,3480017.170650176,time_window,greedy,rejected,98.18181818181819
265,276289314.9038719,274434724.3301893,3473057.1363088754,time_window,risk_priority,rejected,100.0
266,276289314.9038719,274434724.3301893,3466111.0220362577,time_window,risk_priority,rejected,100.0
267,276289314.9038719,274434724.3301893,3459178.799992185,time_window,risk_priority,rejected,100.0
268,276289314.9038719,274434724.3301893,3452260.4423922007,time_window,greedy,accepted_worse,100.0
269,276289314.9038719,274434724.3301893,3445355.9215074163,random,regret,rejected,100.0
270,276289314.9038719,274434724.3301893,3438465.2096644016,time_window,risk_priority,accepted_worse,100.0
271,276289314.9038719,274434724.3301893,3431588.279245073,time_window,risk_priority,accepted_worse,100.0
272,276289314.9038719,274434724.3301893,3424725.1026865826,time_window,risk_priority,rejected,100.0
273,276289314.9038719,274434724.3301893,3417875.6524812095,time_window,risk_priority,rejected,100.0
274,276289314.9038719,274434724.3301893,3411039.9011762473,time_window,greedy,rejected,98.18181818181819
275,276289314.9038719,274434724.3301893,3404217.821373895,time_window,risk_priority,rejected,100.0
276,276289314.9038719,274434724.3301893,3397409.385731147,spatial,risk_priority,rejected,99.0909090909091
277,276289314.9038719,274434724.3301893,3390614.5669596847,time_window,risk_priority,rejected,100.0
278,276289314.9038719,274434724.3301893,3383833.3378257654,time_window,regret,rejected,100.0
279,276289314.9038719,274434724.3301893,3377065.671150114,time_window,risk_priority,rejected,97.27272727272727
280,276289314.9038719,274434724.3301893,3370311.5398078137,time_window,risk_priority,accepted_worse,100.0
281,276289314.9038719,274434724.3301893,3363570.916728198,random,risk_priority,rejected,98.18181818181819
282,276289314.9038719,274434724.3301893,3356843.774894742,time_window,regret,rejected,100.0
283,276289314.9038719,274434724.3301893,3350130.0873449524,time_window,risk_priority,rejected,100.0
284,282433748.23439795,274434724.3301893,3343429.8271702626,time_window,risk_priority,accepted_worse,100.0
285,284521152.6175557,274434724.3301893,3336742.967515922,time_window,risk_priority,accepted_worse,100.0
286,284521152.6175557,274434724.3301893,3330069.4815808902,time_window,risk_priority,rejected,100.0
287,285825341.21123964,274434724.3301893,3323409.3426177283,time_window,risk_priority,accepted_worse,100.0
288,285825341.21123964,274434724.3301893,3316762.523932493,time_window,risk_priority,rejected,100.0
289,288433027.8333444,274434724.3301893,3310128.998884628,time_window,risk_priority,accepted_worse,100.0
290,288433027.8333444,274434724.3301893,3303508.7408868587,time_window,risk_priority,rejected,100.0
291,288433027.8333444,274434724.3301893,3296901.723405085,time_window,risk_priority,rejected,97.27272727272727
292,288433027.8333444,274434724.3301893,3290307.919958275,time_window,risk_priority,accepted_worse,100.0
293,281230144.5028192,274434724.3301893,3283727.304118358,time_window,risk_priority,improvement,100.0
294,281227159.85229254,274434724.3301893,3277159.849510121,time_window,risk_priority,improvement,100.0
295,281227159.85229254,274434724.3301893,3270605.529811101,random,greedy,rejected,100.0
296,281227159.85229254,274434724.3301893,3264064.318751479,time_window,regret,rejected,100.0
297,281227159.85229254,274434724.3301893,3257536.190113976,time_window,regret,rejected,100.0
298,281227159.85229254,274434724.3301893,3251021.117733748,time_window,risk_priority,rejected,100.0
299,281227159.85229254,274434724.3301893,3244519.0754982806,time_window,risk_priority,rejected,100.0
300,281227159.85229254,274434724.3301893,3238030.037347284,time_window,risk_priority,rejected,95.45454545454545
301,281227159.85229254,274434724.3301893,3231553.9772725897,random,regret,rejected,100.0
302,281227159.85229254,274434724.3301893,3225090.8693180443,time_window,risk_priority,accepted_worse,100.0
303,281227159.85229254,274434724.3301893,3218640.6875794083,time_window,risk_priority,rejected,95.45454545454545
304,281227159.85229254,274434724.3301893,3212203.4062042492,time_window,greedy,accepted_worse,100.0
305,281227159.85229254,274434724.3301893,3205778.999391841,time_window,greedy,accepted_worse,100.0
306,281227159.85229254,274434724.3301893,3199367.441393057,time_window,risk_priority,rejected,100.0
307,281227159.85229254,274434724.3301893,3192968.706510271,spatial,risk_priority,rejected,100.0
308,281227159.85229254,274434724.3301893,3186582.7690972504,time_window,greedy,rejected,98.18181818181819
309,281227159.85229254,274434724.3301893,3180209.603559056,time_window,greedy,accepted_worse,100.0
310,281227159.85229254,274434724.3301893,3173849.184351938,time_window,risk_priority,rejected,100.0
311,281227159.85229254,274434724.3301893,3167501.485983234,time_window,risk_priority,rejected,97.27272727272727
312,281227159.85229254,274434724.3301893,3161166.4830112676,time_window,greedy,rejected,98.18181818181819
313,281227159.85229254,274434724.3301893,3154844.150045245,time_window,risk_priority,rejected,100.0
314,281227159.85229254,274434724.3301893,3148534.4617451546,time_window,greedy,accepted_worse,100.0
315,281227159.85229254,274434724.3301893,3142237.3928216645,time_window,risk_priority,rejected,100.0
316,281227159.85229254,274434724.3301893,3135952.9180360213,time_window,risk_priority,rejected,100.0
317,281227159.85229254,274434724.3301893,3129681.0121999495,random,greedy,rejected,98.18181818181819
318,281227159.85229254,274434724.3301893,3123421.6501755496,time_window,risk_priority,rejected,100.0
319,281227159.85229254,274434724.3301893,3117174.8068751986,time_window,risk_priority,rejected,100.0
320,281227159.85229254,274434724.3301893,3110940.4572614483,time_window,risk_priority,rejected,100.0
321,281227159.85229254,274434724.3301893,3104718.5763469255,time_window,greedy,rejected,98.18181818181819
322,281227159.85229254,274434724.3301893,3098509.1391942315,time_window,risk_priority,rejected,100.0
323,281227159.85229254,274434724.3301893,3092312.120915843,time_window,risk_priority,rejected,95.45454545454545
324,281227159.85229254,274434724.3301893,3086127.4966740115,time_window,greedy,accepted_worse,100.0
325,281227159.85229254,274434724.3301893,3079955.2416806635,time_window,greedy,accepted_worse,100.0
326,281227159.85229254,274434724.3301893,3073795.3311973023,time_window,risk_priority,rejected,100.0
327,281227159.85229254,274434724.3301893,3067647.7405349077,time_window,greedy,rejected,98.18181818181819
328,281227159.85229254,274434724.3301893,3061512.4450538377,time_window,greedy,accepted_worse,100.0
329,281227159.85229254,274434724.3301893,3055389.42016373,time_window,greedy,accepted_worse,100.0
330,281227159.85229254,274434724.3301893,3049278.6413234025,random,greedy,rejected,98.18181818181819
331,281227159.85229254,274434724.3301893,3043180.084040756,time_window,risk_priority,rejected,100.0
332,281227159.85229254,274434724.3301893,3037093.723872674,time_window,greedy,rejected,100.0
333,281227159.85229254,274434724.3301893,3031019.536424929,time_window,greedy,accepted_worse,100.0
334,281227159.85229254,274434724.3301893,3024957.497352079,time_window,risk_priority,accepted_worse,100.0
335,281227159.85229254,274434724.3301893,3018907.582357375,time_window,risk_priority,rejected,100.0
336,281227159.85229254,274434724.3301893,3012869.7671926604,time_window,risk_priority,rejected,100.0
337,281227159.85229254,274434724.3301893,3006844.027658275,time_window,risk_priority,rejected,100.0
338,276844319.7270298,274434724.3301893,3000830.3396029584,time_window,risk_priority,improvement,100.0
339,276844319.7270298,274434724.3301893,2994828.6789237526,time_window,risk_priority,rejected,100.0
340,276844319.7270298,274434724.3301893,2988839.0215659053,time_window,regret,rejected,100.0
341,276844319.7270298,274434724.3301893,2982861.3435227736,time_window,risk_priority,rejected,100.0
342,276844319.7270298,274434724.3301893,2976895.620835728,time_window,greedy,accepted_worse,100.0
343,276844319.7270298,274434724.3301893,2970941.8295940566,time_window,regret,rejected,100.0
344,276844319.7270298,274434724.3301893,2964999.9459348684,time_window,risk_priority,rejected,100.0
345,276844319.7270298,274434724.3301893,2959069.9460429987,time_window,greedy,accepted_worse,100.0
346,280600997.57439804,274434724.3301893,2953151.806150913,time_window,risk_priority,accepted_worse,100.0
347,280600997.57439804,274434724.3301893,2947245.5025386107,time_window,risk_priority,rejected,97.27272727272727
348,281860407.66071355,274434724.3301893,2941351.0115335337,time_window,risk_priority,accepted_worse,100.0
349,281860407.66071355,274434724.3301893,2935468.3095104666,time_window,risk_priority,rejected,100.0
350,281860407.66071355,274434724.3301893,2929597.3728914456,time_window,risk_priority,rejected,100.0
351,284678451.9575555,274434724.3301893,2923738.178145663,time_window,risk_priority,accepted_worse,100.0
352,284678451.9575555,274434724.3301893,2917890.7017893717,time_window,greedy,accepted_worse,100.0
353,284678451.9575555,274434724.3301893,2912054.920385793,time_window,risk_priority,rejected,100.0
354,284678451.9575555,274434724.3301893,2906230.810545021,time_window,risk_priority,rejected,97.27272727272727
355,284678451.9575555,274434724.3301893,2900418.3489239314,time_window,risk_priority,rejected,95.45454545454545
356,284678451.9575555,274434724.3301893,2894617.5122260833,time_window,greedy,accepted_worse,100.0
357,284678451.9575555,274434724.3301893,2888828.277201631,time_window,greedy,rejected,100.0
358,286453264.6754502,274434724.3301893,2883050.620647228,time_window,risk_priority,accepted_worse,100.0
359,286453264.6754502,274434724.3301893,2877284.5194059336,time_window,risk_priority,rejected,100.0
360,286453264.6754502,274434724.3301893,2871529.9503671215,random,greedy,rejected,98.18181818181819
361,286453264.6754502,274434724.3301893,2865786.8904663874,time_window,greedy,accepted_worse,100.0
362,286453264.6754502,274434724.3301893,2860055.3166854545,time_window,regret,rejected,100.0
363,286453264.6754502,274434724.3301893,2854335.2060520835,time_window,greedy,accepted_worse,100.0
364,286453264.6754502,274434724.3301893,2848626.5356399794,time_window,risk_priority,rejected,100.0
365,290482398.88597673,274434724.3301893,2842929.282568699,time_window,risk_priority,accepted_worse,100.0
366,290482398.88597673,274434724.3301893,2837243.424003562,time_window,risk_priority,rejected,97.27272727272727
367,290482398.88597673,274434724.3301893,2831568.937155555,time_window,risk_priority,rejected,100.0
368,290482398.88597673,274434724.3301893,2825905.7992812437,time_window,greedy,accepted_worse,100.0
369,290482398.88597673,274434724.3301893,2820253.987682681,time_window,greedy,rejected,98.18181818181819
370,290482398.88597673,274434724.3301893,2814613.4797073156,spatial,greedy,rejected,98.18181818181819
371,290482398.88597673,274434724.3301893,2808984.252747901,time_window,regret,rejected,100.0
372,290482398.88597673,274434724.3301893,2803366.284242405,time_window,risk_priority,rejected,100.0
373,290482398.88597673,274434724.3301893,2797759.5516739204,time_window,regret,rejected,100.0
374,290482398.88597673,274434724.3301893,2792164.0325705726,time_window,risk_priority,rejected,100.0
375,290482398.88597673,274434724.3301893,2786579.7045054315,time_window,greedy,rejected,100.0
376,290482398.88597673,274434724.3301893,2781006.5450964207,time_window,greedy,accepted_worse,100.0
377,290482398.88597673,274434724.3301893,2775444.532006228,time_window,risk_priority,rejected,100.0
378,290482398.88597673,274434724.3301893,2769893.6429422153,time_window,risk_priority,rejected,100.0
379,290482398.88597673,274434724.3301893,2764353.855656331,time_window,risk_priority,rejected,97.27272727272727
380,290482398.88597673,274434724.3301893,2758825.1479450185,time_window,greedy,accepted_worse,100.0
381,290482398.88597673,274434724.3301893,2753307.4976491285,time_window,greedy,accepted_worse,100.0
382,290482398.88597673,274434724.3301893,2747800.88265383,time_window,risk_priority,rejected,100.0
383,290482398.88597673,274434724.3301893,2742305.2808885225,time_window,risk_priority,rejected,95.45454545454545
384,290482398.88597673,274434724.3301893,2736820.6703267456,time_window,regret,rejected,100.0
385,290482398.88597673,274434724.3301893,2731347.028986092,time_window,risk_priority,rejected,95.45454545454545
386,285317415.5554507,274434724.3301893,2725884.33492812,time_window,risk_priority,improvement,100.0
387,285317415.5554507,274434724.3301893,2720432.566258264,time_window,greedy,accepted_worse,100.0
388,285317415.5554507,274434724.3301893,2714991.701125747,time_window,risk_priority,rejected,100.0
389,285112296.69439805,274434724.3301893,2709561.7177234953,time_window,risk_priority,improvement,100.0
390,285112296.69439805,274434724.3301893,2704142.5942880483,time_window,greedy,accepted_worse,100.0
391,285112296.69439805,274434724.3301893,2698734.309099472,time_window,greedy,accepted_worse,100.0
392,285112296.69439805,274434724.3301893,2693336.8404812734,time_window,greedy,accepted_worse,100.0
393,285112296.69439805,274434724.3301893,2687950.166800311,time_window,risk_priority,accepted_worse,100.0
394,285112296.69439805,274434724.3301893,2682574.2664667103,time_window,risk_priority,rejected,100.0
395,285112296.69439805,274434724.3301893,2677209.1179337767,time_window,risk_priority,rejected,100.0
396,285112296.69439805,274434724.3301893,2671854.699697909,time_window,greedy,accepted_worse,100.0
397,285112296.69439805,274434724.3301893,2666510.9902985133,time_window,greedy,accepted_worse,100.0
398,285112296.69439805,274434724.3301893,2661177.968317916,time_window,risk_priority,rejected,100.0
399,288032738.3596611,274434724.3301893,2655855.6123812804,time_window,risk_priority,accepted_worse,100.0
400,288032738.3596611,274434724.3301893,2650543.9011565177,time_window,risk_priority,rejected,100.0
401,288032738.3596611,274434724.3301893,2645242.8133542044,time_window,greedy,accepted_worse,100.0
402,288032738.3596611,274434724.3301893,2639952.327727496,time_window,greedy,accepted_worse,100.0
403,288032738.3596611,274434724.3301893,2634672.423072041,time_window,risk_priority,rejected,100.0
404,288032738.3596611,274434724.3301893,2629403.0782258967,time_window,greedy,accepted_worse,100.0
405,288032738.3596611,274434724.3301893,2624144.272069445,time_window,greedy,accepted_worse,100.0
406,288032738.3596611,274434724.3301893,2618895.983525306,time_window,risk_priority,accepted_worse,100.0
407,288032738.3596611,274434724.3301893,2613658.1915582553,time_window,risk_priority,rejected,100.0
408,288032738.3596611,274434724.3301893,2608430.875175139,time_window,greedy,accepted_worse,100.0
409,288032738.3596611,274434724.3301893,2603214.0134247886,time_window,greedy,rejected,98.18181818181819
410,287918977.83334476,274434724.3301893,2598007.585397939,time_window,risk_priority,improvement,100.0
411,289819551.0775555,274434724.3301893,2592811.5702271434,time_window,risk_priority,accepted_worse,100.0
412,281204455.68913525,274434724.3301893,2587625.947086689,time_window,risk_priority,improvement,100.0
413,281204455.68913525,274434724.3301893,2582450.695192516,time_window,greedy,accepted_worse,100.0
414,281204455.68913525,274434724.3301893,2577285.793802131,time_window,greedy,rejected,100.0
415,281204455.68913525,274434724.3301893,2572131.2222145265,time_window,risk_priority,rejected,100.0
416,281204455.68913525,274434724.3301893,2566986.9597700974,time_window,regret,rejected,100.0
417,281204455.68913525,274434724.3301893,2561852.985850557,time_window,risk_priority,rejected,100.0
418,281204455.68913525,274434724.3301893,2556729.279878856,time_window,greedy,accepted_worse,100.0
419,281204455.68913525,274434724.3301893,2551615.8213190986,time_window,risk_priority,rejected,100.0
420,281204455.68913525,274434724.3301893,2546512.5896764603,time_window,greedy,accepted_worse,100.0
421,281204455.68913525,274434724.3301893,2541419.564497107,time_window,greedy,accepted_worse,100.0
422,281204455.68913525,274434724.3301893,2536336.725368113,time_window,greedy,accepted_worse,100.0
423,281204455.68913525,274434724.3301893,2531264.0519173765,time_window,greedy,accepted_worse,100.0
424,281204455.68913525,274434724.3301893,2526201.5238135415,time_window,greedy,accepted_worse,100.0
425,285052105.4691346,274434724.3301893,2521149.120765914,time_window,risk_priority,accepted_worse,100.0
426,285052105.4691346,274434724.3301893,2516106.8225243823,random,risk_priority,rejected,100.0
427,281850133.32492423,274434724.3301893,2511074.6088793334,time_window,risk_priority,improvement,100.0
428,281850133.32492423,274434724.3301893,2506052.4596615746,time_window,greedy,accepted_worse,100.0
429,281850133.32492423,274434724.3301893,2501040.3547422513,time_window,greedy,accepted_worse,100.0
430,281850133.32492423,274434724.3301893,2496038.274032767,time_window,greedy,accepted_worse,100.0
431,281850133.32492423,274434724.3301893,2491046.1974847014,time_window,greedy,accepted_worse,100.0
432,281850133.32492423,274434724.3301893,2486064.105089732,time_window,greedy,rejected,98.18181818181819
433,281850133.32492423,274434724.3301893,2481091.9768795525,time_window,greedy,rejected,98.18181818181819
434,281850133.32492423,274434724.3301893,2476129.792925793,time_window,risk_priority,rejected,100.0
435,281850133.32492423,274434724.3301893,2471177.5333399414,time_window,greedy,accepted_worse,100.0
436,281850133.32492423,274434724.3301893,2466235.1782732615,time_window,greedy,accepted_worse,100.0
437,281850133.32492423,274434724.3301893,2461302.707916715,time_window,risk_priority,rejected,100.0
438,281850133.32492423,274434724.3301893,2456380.1025008815,worst,greedy,rejected,99.0909090909091
439,281850133.32492423,274434724.3301893,2451467.34229588,time_window,greedy,rejected,100.0
440,281850133.32492423,274434724.3301893,2446564.407611288,time_window,greedy,accepted_worse,100.0
441,281850133.32492423,274434724.3301893,2441671.2787960656,time_window,greedy,accepted_worse,100.0
442,281850133.32492423,274434724.3301893,2436787.9362384733,time_window,greedy,rejected,100.0
443,281850133.32492423,274434724.3301893,2431914.360365996,time_window,greedy,rejected,100.0
444,281850133.32492423,274434724.3301893,2427050.531645264,time_window,greedy,accepted_worse,100.0
445,281850133.32492423,274434724.3301893,2422196.4305819734,time_window,risk_priority,rejected,97.27272727272727
446,281850133.32492423,274434724.3301893,2417352.037720809,worst,risk_priority,rejected,98.18181818181819
447,281850133.32492423,274434724.3301893,2412517.3336453675,time_window,greedy,accepted_worse,100.0
448,282011975.4301874,274434724.3301893,2407692.298978077,time_window,risk_priority,accepted_worse,100.0
449,282011975.4301874,274434724.3301893,2402876.9143801206,time_window,greedy,accepted_worse,100.0
450,282011975.4301874,274434724.3301893,2398071.1605513603,time_window,greedy,accepted_worse,100.0
451,282011975.4301874,274434724.3301893,2393275.0182302576,time_window,greedy,rejected,100.0
452,282011975.4301874,274434724.3301893,2388488.468193797,time_window,risk_priority,accepted_worse,100.0
453,282011975.4301874,274434724.3301893,2383711.491257409,time_window,regret,rejected,100.0
454,282011975.4301874,274434724.3301893,2378944.0682748943,worst,greedy,rejected,100.0
455,282011975.4301874,274434724.3301893,2374186.1801383444,time_window,risk_priority,rejected,100.0
456,282011975.4301874,274434724.3301893,2369437.807778068,time_window,greedy,accepted_worse,100.0
457,282011975.4301874,274434724.3301893,2364698.9321625116,time_window,greedy,accepted_worse,100.0
458,282011975.4301874,274434724.3301893,2359969.5342981867,spatial,greedy,rejected,100.0
459,282011975.4301874,274434724.3301893,2355249.5952295903,time_window,risk_priority,rejected,100.0
460,282011975.4301874,274434724.3301893,2350539.0960391313,worst,risk_priority,rejected,98.18181818181819
461,282011975.4301874,274434724.3301893,2345838.0178470532,time_window,greedy,accepted_worse,100.0
462,282011975.4301874,274434724.3301893,2341146.341811359,time_window,risk_priority,rejected,100.0
463,282011975.4301874,274434724.3301893,2336464.049127736,time_window,risk_priority,rejected,100.0
464,282011975.4301874,274434724.3301893,2331791.121029481,random,risk_priority,rejected,100.0
465,282011975.4301874,274434724.3301893,2327127.538787422,time_window,risk_priority,rejected,100.0
466,282011975.4301874,274434724.3301893,2322473.283709847,time_window,risk_priority,rejected,100.0
467,282011975.4301874,274434724.3301893,2317828.337142427,time_window,risk_priority,rejected,100.0
468,282011975.4301874,274434724.3301893,2313192.680468142,time_window,regret,rejected,100.0
469,282011975.4301874,274434724.3301893,2308566.295107206,time_window,greedy,rejected,98.18181818181819
470,282011975.4301874,274434724.3301893,2303949.1625169916,time_window,greedy,rejected,100.0
471,282011975.4301874,274434724.3301893,2299341.2641919577,time_window,risk_priority,rejected,100.0
472,282011975.4301874,274434724.3301893,2294742.5816635736,time_window,risk_priority,rejected,100.0
473,282011975.4301874,274434724.3301893,2290153.0965002463,time_window,risk_priority,rejected,100.0
474,282011975.4301874,274434724.3301893,2285572.7903072457,random,risk_priority,rejected,100.0
475,282011975.4301874,274434724.3301893,2281001.644726631,time_window,risk_priority,rejected,100.0
476,282011975.4301874,274434724.3301893,2276439.641437178,time_window,risk_priority,rejected,95.45454545454545
477,282011975.4301874,274434724.3301893,2271886.7621543035,time_window,risk_priority,rejected,100.0
478,282011975.4301874,274434724.3301893,2267342.988629995,time_window,risk_priority,rejected,100.0
479,282011975.4301874,274434724.3301893,2262808.302652735,time_window,greedy,accepted_worse,100.0
480,282011975.4301874,274434724.3301893,2258282.686047429,time_window,greedy,accepted_worse,100.0
481,282011975.4301874,274434724.3301893,2253766.1206753342,time_window,greedy,accepted_worse,100.0
482,282011975.4301874,274434724.3301893,2249258.5884339837,time_window,greedy,accepted_worse,100.0
483,282011975.4301874,274434724.3301893,2244760.071257116,time_window,greedy,accepted_worse,100.0
484,282011975.4301874,274434724.3301893,2240270.5511146015,time_window,greedy,accepted_worse,100.0
485,282011975.4301874,274434724.3301893,2235790.0100123724,time_window,greedy,rejected,98.18181818181819
486,282011975.4301874,274434724.3301893,2231318.4299923475,time_window,greedy,accepted_worse,100.0
487,282011975.4301874,274434724.3301893,2226855.793132363,time_window,greedy,rejected,98.18181818181819
488,282011975.4301874,274434724.3301893,2222402.081546098,time_window,greedy,accepted_worse,100.0
489,282011975.4301874,274434724.3301893,2217957.2773830057,time_window,greedy,accepted_worse,100.0
490,282011975.4301874,274434724.3301893,2213521.36282824,time_window,greedy,accepted_worse,100.0
491,282011975.4301874,274434724.3301893,2209094.320102583,time_window,greedy,rejected,100.0
492,282011975.4301874,274434724.3301893,2204676.131462378,time_window,greedy,accepted_worse,100.0
493,282011975.4301874,274434724.3301893,2200266.779199453,time_window,greedy,rejected,98.18181818181819
494,282011975.4301874,274434724.3301893,2195866.245641054,time_window,greedy,rejected,98.18181818181819
495,282011975.4301874,274434724.3301893,2191474.513149772,time_window,greedy,rejected,100.0
496,282011975.4301874,274434724.3301893,2187091.564123472,time_window,risk_priority,rejected,100.0
497,282011975.4301874,274434724.3301893,2182717.380995225,time_window,risk_priority,rejected,100.0
498,282011975.4301874,274434724.3301893,2178351.946233235,spatial,greedy,rejected,100.0
499,282011975.4301874,274434724.3301893,2173995.242340768,time_window,risk_priority,rejected,100.0
500,282011975.4301874,274434724.3301893,2169647.251856087,time_window,greedy,rejected,100.0
501,282011975.4301874,274434724.3301893,2165307.9573523747,time_window,greedy,rejected,98.18181818181819
502,282011975.4301874,274434724.3301893,2160977.34143767,time_window,risk_priority,rejected,100.0
503,282011975.4301874,274434724.3301893,2156655.3867547945,time_window,greedy,accepted_worse,100.0
504,282011975.4301874,274434724.3301893,2152342.075981285,time_window,greedy,accepted_worse,100.0
505,282011975.4301874,274434724.3301893,2148037.3918293226,time_window,greedy,rejected,100.0
506,282011975.4301874,274434724.3301893,2143741.317045664,time_window,risk_priority,rejected,100.0
507,282011975.4301874,274434724.3301893,2139453.8344115727,time_window,greedy,accepted_worse,100.0
508,282011975.4301874,274434724.3301893,2135174.9267427493,time_window,greedy,accepted_worse,100.0
509,282011975.4301874,274434724.3301893,2130904.576889264,time_window,greedy,rejected,100.0
510,282011975.4301874,274434724.3301893,2126642.7677354855,time_window,greedy,accepted_worse,100.0
511,282011975.4301874,274434724.3301893,2122389.4822000144,time_window,risk_priority,accepted_worse,100.0
512,282011975.4301874,274434724.3301893,2118144.7032356146,time_window,greedy,rejected,98.18181818181819
513,282011975.4301874,274434724.3301893,2113908.413829143,time_window,risk_priority,rejected,100.0
514,282011975.4301874,274434724.3301893,2109680.597001485,time_window,greedy,accepted_worse,100.0
515,282011975.4301874,274434724.3301893,2105461.235807482,time_window,risk_priority,rejected,100.0
516,282011975.4301874,274434724.3301893,2101250.313335867,time_window,risk_priority,accepted_worse,100.0
517,282011975.4301874,274434724.3301893,2097047.8127091953,time_window,risk_priority,rejected,100.0
518,282011975.4301874,274434724.3301893,2092853.7170837768,time_window,greedy,rejected,100.0
519,282011975.4301874,274434724.3301893,2088668.0096496092,time_window,risk_priority,accepted_worse,100.0
520,282011975.4301874,274434724.3301893,2084490.67363031,time_window,greedy,accepted_worse,100.0
521,282011975.4301874,274434724.3301893,2080321.6922830495,time_window,greedy,accepted_worse,100.0
522,282011975.4301874,274434724.3301893,2076161.0488984834,time_window,risk_priority,rejected,97.27272727272727
523,282011975.4301874,274434724.3301893,2072008.7268006864,time_window,greedy,accepted_worse,100.0
524,282011975.4301874,274434724.3301893,2067864.709347085,time_window,greedy,accepted_worse,100.0
525,282011975.4301874,274434724.3301893,2063728.9799283908,time_window,greedy,accepted_worse,100.0
526,282011975.4301874,274434724.3301893,2059601.521968534,time_window,greedy,accepted_worse,100.0
527,282011975.4301874,274434724.3301893,2055482.318924597,time_window,risk_priority,rejected,100.0
528,282011975.4301874,274434724.3301893,2051371.3542867478,time_window,risk_priority,rejected,95.45454545454545
529,282011975.4301874,274434724.3301893,2047268.6115781742,time_window,greedy,accepted_worse,100.0
530,282011975.4301874,274434724.3301893,2043174.0743550179,time_window,greedy,accepted_worse,100.0
531,282011975.4301874,274434724.3301893,2039087.7262063078,time_window,risk_priority,rejected,100.0
532,282011975.4301874,274434724.3301893,2035009.5507538952,time_window,risk_priority,rejected,100.0
533,282011975.4301874,274434724.3301893,2030939.5316523875,time_window,risk_priority,rejected,95.45454545454545
534,282011975.4301874,274434724.3301893,2026877.6525890827,worst,regret,rejected,100.0
535,282011975.4301874,274434724.3301893,2022823.8972839045,time_window,greedy,rejected,100.0
536,282011975.4301874,274434724.3301893,2018778.2494893367,time_window,greedy,accepted_worse,100.0
537,282011975.4301874,274434724.3301893,2014740.692990358,time_window,greedy,accepted_worse,100.0
538,285657780.0333451,274434724.3301893,2010711.2116043773,time_window,risk_priority,accepted_worse,100.0
539,285657780.0333451,274434724.3301893,2006689.7891811684,time_window,greedy,accepted_worse,100.0
540,285657780.0333451,274434724.3301893,2002676.409602806,time_window,greedy,rejected,100.0
541,285657780.0333451,274434724.3301893,1998671.0567836002,time_window,risk_priority,rejected,100.0
542,285657780.0333451,274434724.3301893,1994673.714670033,time_window,greedy,accepted_worse,100.0
543,285657780.0333451,274434724.3301893,1990684.367240693,time_window,risk_priority,rejected,100.0
544,285657780.0333451,274434724.3301893,1986702.9985062117,time_window,greedy,rejected,100.0
545,285657780.0333451,274434724.3301893,1982729.5925091992,time_window,greedy,accepted_worse,100.0
546,285657780.0333451,274434724.3301893,1978764.1333241807,spatial,greedy,accepted_worse,100.0
547,285657780.0333451,274434724.3301893,1974806.6050575324,time_window,greedy,rejected,100.0
548,285657780.0333451,274434724.3301893,1970856.9918474173,time_window,greedy,accepted_worse,100.0
549,285657780.0333451,274434724.3301893,1966915.2778637225,time_window,greedy,accepted_worse,100.0
550,285657780.0333451,274434724.3301893,1962981.447307995,time_window,risk_priority,rejected,97.27272727272727
551,285657780.0333451,274434724.3301893,1959055.484413379,time_window,greedy,accepted_worse,100.0
552,285657780.0333451,274434724.3301893,1955137.3734445523,worst,risk_priority,rejected,98.18181818181819
553,285657780.0333451,274434724.3301893,1951227.0986976633,time_window,greedy,accepted_worse,100.0
554,285657780.0333451,274434724.3301893,1947324.644500268,time_window,greedy,accepted_worse,100.0
555,285657780.0333451,274434724.3301893,1943429.9952112674,time_window,greedy,accepted_worse,100.0
556,285657780.0333451,274434724.3301893,1939543.1352208448,time_window,greedy,accepted_worse,100.0
557,285657780.0333451,274434724.3301893,1935664.048950403,time_window,greedy,accepted_worse,100.0
558,285657780.0333451,274434724.3301893,1931792.7208525022,spatial,greedy,rejected,100.0
559,285657780.0333451,274434724.3301893,1927929.135410797,time_window,greedy,rejected,98.18181818181819
560,285657780.0333451,274434724.3301893,1924073.2771399755,time_window,greedy,accepted_worse,100.0
561,285657780.0333451,274434724.3301893,1920225.1305856956,time_window,greedy,accepted_worse,100.0
562,284357427.6217663,274434724.3301893,1916384.6803245242,time_window,risk_priority,improvement,100.0
563,284357427.6217663,274434724.3301893,1912551.910963875,time_window,greedy,accepted_worse,100.0
564,284357427.6217663,274434724.3301893,1908726.8071419473,time_window,risk_priority,rejected,100.0
565,284357427.6217663,274434724.3301893,1904909.3535276635,time_window,greedy,accepted_worse,100.0
566,284357427.6217663,274434724.3301893,1901099.534820608,time_window,greedy,accepted_worse,100.0
567,284357427.6217663,274434724.3301893,1897297.3357509668,time_window,greedy,accepted_worse,100.0
568,284357427.6217663,274434724.3301893,1893502.7410794648,time_window,greedy,rejected,100.0
569,284357427.6217663,274434724.3301893,1889715.735597306,time_window,risk_priority,rejected,100.0
570,284357427.6217663,274434724.3301893,1885936.3041261113,time_window,greedy,accepted_worse,100.0
571,284357427.6217663,274434724.3301893,1882164.431517859,time_window,greedy,accepted_worse,100.0
572,284357427.6217663,274434724.3301893,1878400.1026548233,time_window,greedy,accepted_worse,100.0
573,284357427.6217663,274434724.3301893,1874643.3024495137,time_window,greedy,accepted_worse,100.0
574,283885319.7270294,274434724.3301893,1870894.0158446147,time_window,risk_priority,improvement,100.0
575,283885319.7270294,274434724.3301893,1867152.2278129256,time_window,greedy,rejected,100.0
576,283885319.7270294,274434724.3301893,1863417.9233572998,time_window,greedy,accepted_worse,100.0
577,285039692.3112397,274434724.3301893,1859691.087510585,random,greedy,accepted_worse,100.0
578,285039692.3112397,274434724.3301893,1855971.705335564,time_window,greedy,accepted_worse,100.0
579,285039692.3112397,274434724.3301893,1852259.761924893,time_window,greedy,accepted_worse,100.0
580,285039692.3112397,274434724.3301893,1848555.2424010432,time_window,greedy,rejected,98.18181818181819
581,285039692.3112397,274434724.3301893,1844858.131916241,time_window,regret,rejected,100.0
582,285039692.3112397,274434724.3301893,1841168.4156524085,time_window,greedy,rejected,100.0
583,285039692.3112397,274434724.3301893,1837486.0788211038,time_window,greedy,accepted_worse,100.0
584,285039692.3112397,274434724.3301893,1833811.1066634615,time_window,risk_priority,rejected,100.0
585,285039692.3112397,274434724.3301893,1830143.4844501347,time_window,greedy,accepted_worse,100.0
586,281994646.0428187,274434724.3301893,1826483.1974812343,time_window,risk_priority,improvement,100.0
587,281994646.0428187,274434724.3301893,1822830.2310862718,time_window,greedy,rejected,98.18181818181819
588,281994646.0428187,274434724.3301893,1819184.5706240993,time_window,greedy,accepted_worse,100.0
589,281994646.0428187,274434724.3301893,1815546.201482851,time_window,greedy,accepted_worse,100.0
590,281994646.0428187,274434724.3301893,1811915.1090798853,time_window,risk_priority,rejected,95.45454545454545
591,281994646.0428187,274434724.3301893,1808291.2788617255,time_window,greedy,accepted_worse,100.0
592,281994646.0428187,274434724.3301893,1804674.696304002,time_window,risk_priority,rejected,95.45454545454545
593,281994646.0428187,274434724.3301893,1801065.346911394,time_window,greedy,rejected,98.18181818181819
594,281994646.0428187,274434724.3301893,1797463.2162175712,time_window,greedy,rejected,100.0
595,281994646.0428187,274434724.3301893,1793868.289785136,time_window,regret,rejected,100.0
596,281994646.0428187,274434724.3301893,1790280.5532055658,time_window,greedy,rejected,100.0
597,281994646.0428187,274434724.3301893,1786699.9920991547,time_window,greedy,rejected,98.18181818181819
598,281994646.0428187,274434724.3301893,1783126.5921149564,time_window,greedy,accepted_worse,100.0
599,281994646.0428187,274434724.3301893,1779560.3389307265,time_window,risk_priority,rejected,95.45454545454545
600,281994646.0428187,274434724.3301893,1776001.2182528651,time_window,greedy,rejected,100.0
601,281994646.0428187,274434724.3301893,1772449.2158163595,time_window,greedy,rejected,100.0
602,281994646.0428187,274434724.3301893,1768904.3173847268,random,greedy,rejected,99.0909090909091
603,281994646.0428187,274434724.3301893,1765366.5087499574,random,random,rejected,100.0
604,281994646.0428187,274434724.3301893,1761835.7757324574,spatial,greedy,rejected,100.0
605,281994646.0428187,274434724.3301893,1758312.1041809926,random,regret,rejected,100.0
606,281994646.0428187,274434724.3301893,1754795.4799726305,random,greedy,rejected,100.0
607,281994646.0428187,274434724.3301893,1751285.8890126853,time_window,greedy,accepted_worse,100.0
608,281994646.0428187,274434724.3301893,1747783.3172346598,random,greedy,rejected,99.0909090909091
609,281994646.0428187,274434724.3301893,1744287.7506001904,time_window,greedy,accepted_worse,100.0
610,283534706.1291344,274434724.3301893,1740799.17509899,time_window,risk_priority,accepted_worse,100.0
611,283534706.1291344,274434724.3301893,1737317.576748792,random,greedy,rejected,100.0
612,283534706.1291344,274434724.3301893,1733842.9415952945,spatial,greedy,rejected,98.18181818181819
613,283534706.1291344,274434724.3301893,1730375.255712104,random,greedy,rejected,98.18181818181819
614,283534706.1291344,274434724.3301893,1726914.5052006799,spatial,greedy,accepted_worse,100.0
615,283534706.1291344,274434724.3301893,1723460.6761902785,spatial,greedy,rejected,100.0
616,283534706.1291344,274434724.3301893,1720013.7548378978,random,greedy,rejected,99.0909090909091
617,283534706.1291344,274434724.3301893,1716573.727328222,random,greedy,rejected,100.0
618,283534706.1291344,274434724.3301893,1713140.5798735656,time_window,greedy,accepted_worse,100.0
619,283534706.1291344,274434724.3301893,1709714.2987138184,random,risk_priority,rejected,100.0
620,283534706.1291344,274434724.3301893,1706294.8701163908,time_window,greedy,accepted_worse,100.0
621,283534706.1291344,274434724.3301893,1702882.280376158,random,risk_priority,rejected,99.0909090909091
622,283534706.1291344,274434724.3301893,1699476.5158154056,time_window,regret,rejected,100.0
623,283534706.1291344,274434724.3301893,1696077.562783775,random,greedy,rejected,99.0909090909091
624,283534706.1291344,274434724.3301893,1692685.4076582075,random,risk_priority,rejected,100.0
625,283534706.1291344,274434724.3301893,1689300.036842891,random,greedy,rejected,100.0
626,283534706.1291344,274434724.3301893,1685921.4367692051,random,risk_priority,rejected,100.0
627,283534706.1291344,274434724.3301893,1682549.5938956668,time_window,risk_priority,rejected,100.0
628,283534706.1291344,274434724.3301893,1679184.4947078754,time_window,greedy,rejected,100.0
629,283534706.1291344,274434724.3301893,1675826.1257184597,time_window,greedy,accepted_worse,100.0
630,283534706.1291344,274434724.3301893,1672474.4734670229,time_window,greedy,rejected,98.18181818181819
631,283534706.1291344,274434724.3301893,1669129.524520089,spatial,greedy,rejected,97.27272727272727
632,283534706.1291344,274434724.3301893,1665791.2654710487,time_window,greedy,accepted_worse,100.0
633,283534706.1291344,274434724.3301893,1662459.6829401066,time_window,greedy,rejected,100.0
634,283534706.1291344,274434724.3301893,1659134.7635742263,random,greedy,rejected,100.0
635,283534706.1291344,274434724.3301893,1655816.4940470778,random,risk_priority,rejected,99.0909090909091
636,283534706.1291344,274434724.3301893,1652504.8610589837,time_window,risk_priority,rejected,100.0
637,283534706.1291344,274434724.3301893,1649199.8513368657,time_window,greedy,accepted_worse,100.0
638,283534706.1291344,274434724.3301893,1645901.451634192,time_window,greedy,rejected,100.0
639,283534706.1291344,274434724.3301893,1642609.6487309234,random,risk_priority,rejected,100.0
640,283534706.1291344,274434724.3301893,1639324.4294334615,random,risk_priority,rejected,99.0909090909091
641,283534706.1291344,274434724.3301893,1636045.7805745946,time_window,risk_priority,rejected,95.45454545454545
642,283534706.1291344,274434724.3301893,1632773.6890134455,random,greedy,rejected,99.0909090909091
643,283534706.1291344,274434724.3301893,1629508.1416354186,random,greedy,rejected,100.0
644,283534706.1291344,274434724.3301893,1626249.1253521477,time_window,greedy,rejected,100.0
645,283534706.1291344,274434724.3301893,1622996.6271014435,time_window,greedy,rejected,100.0
646,283534706.1291344,274434724.3301893,1619750.6338472406,time_window,greedy,accepted_worse,100.0
647,283534706.1291344,274434724.3301893,1616511.1325795462,random,risk_priority,rejected,99.0909090909091
648,283534706.1291344,274434724.3301893,1613278.1103143871,time_window,greedy,accepted_worse,100.0
649,283534706.1291344,274434724.3301893,1610051.5540937583,spatial,greedy,rejected,100.0
650,283534706.1291344,274434724.3301893,1606831.450985571,random,greedy,rejected,100.0
651,283534706.1291344,274434724.3301893,1603617.7880835996,time_window,greedy,rejected,98.18181818181819
652,283534706.1291344,274434724.3301893,1600410.5525074324,spatial,greedy,rejected,100.0
653,283534706.1291344,274434724.3301893,1597209.7314024176,time_window,greedy,accepted_worse,100.0
654,283534706.1291344,274434724.3301893,1594015.3119396127,time_window,greedy,accepted_worse,100.0
655,283534706.1291344,274434724.3301893,1590827.2813157334,spatial,greedy,rejected,100.0
656,283534706.1291344,274434724.3301893,1587645.626753102,worst,risk_priority,rejected,94.54545454545455
657,283534706.1291344,274434724.3301893,1584470.3354995959,spatial,risk_priority,rejected,100.0
658,283534706.1291344,274434724.3301893,1581301.3948285966,random,risk_priority,rejected,100.0
659,283534706.1291344,274434724.3301893,1578138.7920389394,spatial,greedy,rejected,100.0
660,283534706.1291344,274434724.3301893,1574982.5144548616,spatial,risk_priority,rejected,98.18181818181819
661,283534706.1291344,274434724.3301893,1571832.549425952,time_window,greedy,accepted_worse,100.0
662,283534706.1291344,274434724.3301893,1568688.8843271,time_window,greedy,accepted_worse,100.0
663,283534706.1291344,274434724.3301893,1565551.5065584457,time_window,greedy,accepted_worse,100.0
664,283534706.1291344,274434724.3301893,1562420.4035453289,random,greedy,rejected,100.0
665,283534706.1291344,274434724.3301893,1559295.5627382381,spatial,risk_priority,rejected,100.0
666,283534706.1291344,274434724.3301893,1556176.9716127617,time_window,greedy,rejected,100.0
667,283534706.1291344,274434724.3301893,1553064.6176695363,time_window,risk_priority,rejected,100.0
668,283534706.1291344,274434724.3301893,1549958.4884341971,time_window,risk_priority,rejected,100.0
669,283534706.1291344,274434724.3301893,1546858.5714573287,time_window,greedy,accepted_worse,100.0
670,283534706.1291344,274434724.3301893,1543764.854314414,time_window,greedy,accepted_worse,100.0
671,283534706.1291344,274434724.3301893,1540677.3246057853,random,greedy,rejected,99.0909090909091
672,283534706.1291344,274434724.3301893,1537595.9699565738,random,risk_priority,rejected,98.18181818181819
673,283534706.1291344,274434724.3301893,1534520.7780166606,spatial,greedy,rejected,100.0
674,283534706.1291344,274434724.3301893,1531451.7364606273,spatial,greedy,rejected,100.0
675,283534706.1291344,274434724.3301893,1528388.832987706,random,risk_priority,rejected,97.27272727272727
676,283534706.1291344,274434724.3301893,1525332.0553217304,random,greedy,rejected,100.0
677,283534706.1291344,274434724.3301893,1522281.391211087,random,greedy,rejected,100.0
678,283534706.1291344,274434724.3301893,1519236.8284286647,random,greedy,rejected,100.0
679,283534706.1291344,274434724.3301893,1516198.3547718073,time_window,risk_priority,rejected,100.0
680,285994658.3207133,274434724.3301893,1513165.9580622637,time_window,risk_priority,accepted_worse,100.0
681,285994658.3207133,274434724.3301893,1510139.626146139,random,greedy,rejected,100.0
682,285994658.3207133,274434724.3301893,1507119.3468938468,spatial,risk_priority,rejected,98.18181818181819
683,285994658.3207133,274434724.3301893,1504105.108200059,time_window,greedy,accepted_worse,100.0
684,285994658.3207133,274434724.3301893,1501096.8979836588,random,greedy,rejected,100.0
685,285994658.3207133,274434724.3301893,1498094.7041876914,random,greedy,rejected,100.0
686,285994658.3207133,274434724.3301893,1495098.514779316,time_window,greedy,rejected,100.0
687,285994658.3207133,274434724.3301893,1492108.3177497573,time_window,greedy,accepted_worse,100.0
688,285994658.3207133,274434724.3301893,1489124.1011142577,random,greedy,rejected,100.0
689,285994658.3207133,274434724.3301893,1486145.8529120293,random,greedy,rejected,99.0909090909091
690,285994658.3207133,274434724.3301893,1483173.5612062053,spatial,greedy,rejected,97.27272727272727
691,285994658.3207133,274434724.3301893,1480207.2140837929,time_window,greedy,accepted_worse,100.0
692,285994658.3207133,274434724.3301893,1477246.7996556254,spatial,greedy,rejected,97.27272727272727
693,285994658.3207133,274434724.3301893,1474292.3060563141,random,greedy,rejected,100.0
694,285994658.3207133,274434724.3301893,1471343.7214442014,spatial,regret,rejected,100.0
695,285994658.3207133,274434724.3301893,1468401.034001313,time_window,risk_priority,rejected,100.0
696,285994658.3207133,274434724.3301893,1465464.2319333104,spatial,greedy,rejected,100.0
697,285994658.3207133,274434724.3301893,1462533.3034694437,time_window,risk_priority,rejected,95.45454545454545
698,290227173.0101865,274434724.3301893,1459608.2368625049,spatial,greedy,accepted_worse,100.0
699,290227173.0101865,274434724.3301893,1456689.02038878,random,risk_priority,rejected,100.0
700,290227173.0101865,274434724.3301893,1453775.6423480024,time_window,greedy,accepted_worse,100.0
701,290227173.0101865,274434724.3301893,1450868.0910633064,time_window,greedy,rejected,100.0
702,290227173.0101865,274434724.3301893,1447966.3548811798,spatial,greedy,rejected,98.18181818181819
703,290227173.0101865,274434724.3301893,1445070.4221714174,random,greedy,rejected,99.0909090909091
704,290227173.0101865,274434724.3301893,1442180.2813270746,random,greedy,rejected,100.0
705,290227173.0101865,274434724.3301893,1439295.9207644204,time_window,regret,rejected,100.0
706,290227173.0101865,274434724.3301893,1436417.3289228915,time_window,greedy,accepted_worse,100.0
707,290227173.0101865,274434724.3301893,1433544.4942650457,random,risk_priority,rejected,100.0
708,290227173.0101865,274434724.3301893,1430677.4052765158,time_window,greedy,accepted_worse,100.0
709,290227173.0101865,274434724.3301893,1427816.0504659626,time_window,risk_priority,rejected,100.0
710,290252922.7901865,274434724.3301893,1424960.4183650308,random,greedy,accepted_worse,100.0
711,290252922.7901865,274434724.3301893,1422110.4975283006,spatial,risk_priority,rejected,100.0
712,290252922.7901865,274434724.3301893,1419266.276533244,time_window,risk_priority,rejected,100.0
713,290252922.7901865,274434724.3301893,1416427.7439801774,random,risk_priority,rejected,100.0
714,290252922.7901865,274434724.3301893,1413594.888492217,spatial,greedy,rejected,98.18181818181819
715,290252922.7901865,274434724.3301893,1410767.6987152325,time_window,greedy,accepted_worse,100.0
716,290252922.7901865,274434724.3301893,1407946.1633178021,spatial,regret,rejected,100.0
717,297368881.1249225,274434724.3301893,1405130.2709911666,time_window,risk_priority,accepted_worse,100.0
718,297368881.1249225,274434724.3301893,1402320.0104491843,time_window,greedy,accepted_worse,100.0
719,297368881.1249225,274434724.3301893,1399515.370428286,spatial,risk_priority,rejected,100.0
720,297368881.1249225,274434724.3301893,1396716.3396874294,random,greedy,rejected,100.0
721,297368881.1249225,274434724.3301893,1393922.9070080544,time_window,risk_priority,rejected,100.0
722,297368881.1249225,274434724.3301893,1391135.0611940383,time_window,risk_priority,rejected,100.0
723,297368881.1249225,274434724.3301893,1388352.79107165,time_window,greedy,accepted_worse,100.0
724,297368881.1249225,274434724.3301893,1385576.0854895068,time_window,risk_priority,rejected,97.27272727272727
725,297368881.1249225,274434724.3301893,1382804.9333185279,spatial,greedy,rejected,100.0
726,297368881.1249225,274434724.3301893,1380039.3234518908,random,risk_priority,rejected,100.0
727,297368881.1249225,274434724.3301893,1377279.244804987,time_window,greedy,accepted_worse,100.0
728,297368881.1249225,274434724.3301893,1374524.686315377,random,risk_priority,rejected,100.0
729,297368881.1249225,274434724.3301893,1371775.6369427464,random,greedy,rejected,100.0
730,297368881.1249225,274434724.3301893,1369032.085668861,spatial,greedy,rejected,100.0
731,297368881.1249225,274434724.3301893,1366294.0214975232,time_window,greedy,accepted_worse,100.0
732,297368881.1249225,274434724.3301893,1363561.4334545282,time_window,greedy,accepted_worse,100.0
733,296668365.1154487,274434724.3301893,1360834.3105876192,time_window,risk_priority,improvement,100.0
734,296668365.1154487,274434724.3301893,1358112.641966444,random,risk_priority,rejected,100.0
735,292842700.205975,274434724.3301893,1355396.416682511,time_window,risk_priority,improvement,100.0
736,292842700.205975,274434724.3301893,1352685.623849146,time_window,greedy,accepted_worse,100.0
737,287999788.36808044,274434724.3301893,1349980.2526014477,time_window,risk_priority,improvement,100.0
738,287999788.36808044,274434724.3301893,1347280.2920962449,time_window,greedy,accepted_worse,100.0
739,287999788.36808044,274434724.3301893,1344585.7315120525,time_window,risk_priority,rejected,100.0
740,289650280.03334385,274434724.3301893,1341896.5600490284,time_window,risk_priority,accepted_worse,100.0
741,289650280.03334385,274434724.3301893,1339212.7669289303,spatial,greedy,rejected,98.18181818181819
742,292156795.6028177,274434724.3301893,1336534.3413950724,random,greedy,accepted_worse,100.0
743,292156795.6028177,274434724.3301893,1333861.2727122824,spatial,greedy,rejected,99.0909090909091
744,292156795.6028177,274434724.3301893,1331193.550166858,time_window,risk_priority,rejected,96.36363636363636
745,292156795.6028177,274434724.3301893,1328531.163066524,time_window,greedy,accepted_worse,100.0
746,292156795.6028177,274434724.3301893,1325874.100740391,time_window,greedy,accepted_worse,100.0
747,292156795.6028177,274434724.3301893,1323222.3525389102,time_window,greedy,accepted_worse,100.0
748,292156795.6028177,274434724.3301893,1320575.9078338323,random,risk_priority,rejected,100.0
749,292156795.6028177,274434724.3301893,1317934.7560181646,spatial,risk_priority,rejected,100.0
750,292156795.6028177,274434724.3301893,1315298.8865061281,time_window,greedy,accepted_worse,100.0
751,292156795.6028177,274434724.3301893,1312668.288733116,time_window,greedy,accepted_worse,100.0
752,292156795.6028177,274434724.3301893,1310042.9521556497,random,risk_priority,rejected,98.18181818181819
753,292156795.6028177,274434724.3301893,1307422.8662513383,spatial,risk_priority,rejected,100.0
754,292156795.6028177,274434724.3301893,1304808.0205188356,spatial,risk_priority,rejected,100.0
755,292156795.6028177,274434724.3301893,1302198.404477798,spatial,greedy,rejected,100.0
756,292156795.6028177,274434724.3301893,1299594.0076688423,time_window,regret,rejected,100.0
757,292156795.6028177,274434724.3301893,1296994.8196535045,time_window,greedy,rejected,99.0909090909091
758,292156795.6028177,274434724.3301893,1294400.8300141976,time_window,greedy,rejected,99.0909090909091
759,292156795.6028177,274434724.3301893,1291812.0283541693,time_window,risk_priority,rejected,100.0
760,292156795.6028177,274434724.3301893,1289228.404297461,random,greedy,rejected,99.0909090909091
761,292156795.6028177,274434724.3301893,1286649.947488866,time_window,risk_priority,rejected,100.0
762,292156795.6028177,274434724.3301893,1284076.6475938882,time_window,greedy,accepted_worse,100.0
763,292156795.6028177,274434724.3301893,1281508.4942987005,spatial,risk_priority,rejected,100.0
764,292156795.6028177,274434724.3301893,1278945.4773101031,time_window,greedy,accepted_worse,100.0
765,292156795.6028177,274434724.3301893,1276387.586355483,time_window,risk_priority,rejected,96.36363636363636
766,292156795.6028177,274434724.3301893,1273834.811182772,time_window,risk_priority,rejected,100.0
767,292156795.6028177,274434724.3301893,1271287.1415604064,time_window,greedy,accepted_worse,100.0
768,292156795.6028177,274434724.3301893,1268744.5672772855,random,risk_priority,rejected,98.18181818181819
769,292156795.6028177,274434724.3301893,1266207.078142731,time_window,greedy,accepted_worse,100.0
770,292156795.6028177,274434724.3301893,1263674.6639864454,random,greedy,rejected,100.0
771,292156795.6028177,274434724.3301893,1261147.3146584725,time_window,greedy,accepted_worse,100.0
772,292156795.6028177,274434724.3301893,1258625.0200291555,spatial,greedy,rejected,100.0
773,292156795.6028177,274434724.3301893,1256107.7699890973,spatial,greedy,rejected,100.0
774,292156795.6028177,274434724.3301893,1253595.5544491191,spatial,greedy,rejected,100.0
775,292156795.6028177,274434724.3301893,1251088.3633402209,time_window,greedy,accepted_worse,100.0
776,292156795.6028177,274434724.3301893,1248586.1866135404,time_window,risk_priority,rejected,100.0
777,292156795.6028177,274434724.3301893,1246089.0142403133,time_window,greedy,accepted_worse,100.0
778,292156795.6028177,274434724.3301893,1243596.8362118327,time_window,greedy,accepted_worse,100.0
779,292156795.6028177,274434724.3301893,1241109.642539409,spatial,risk_priority,rejected,98.18181818181819
780,292156795.6028177,274434724.3301893,1238627.4232543302,random,risk_priority,rejected,99.0909090909091
781,292156795.6028177,274434724.3301893,1236150.1684078216,spatial,greedy,rejected,97.27272727272727
782,292156795.6028177,274434724.3301893,1233677.868071006,spatial,greedy,rejected,100.0
783,292156795.6028177,274434724.3301893,1231210.512334864,time_window,risk_priority,rejected,100.0
784,292156795.6028177,274434724.3301893,1228748.0913101942,time_window,greedy,accepted_worse,100.0
785,292156795.6028177,274434724.3301893,1226290.595127574,random,greedy,rejected,100.0
786,292156795.6028177,274434724.3301893,1223838.0139373187,time_window,greedy,accepted_worse,100.0
787,292156795.6028177,274434724.3301893,1221390.337909444,spatial,greedy,rejected,97.27272727272727
788,292156795.6028177,274434724.3301893,1218947.557233625,random,greedy,rejected,99.0909090909091
789,292156795.6028177,274434724.3301893,1216509.6621191578,random,greedy,rejected,100.0
790,292156795.6028177,274434724.3301893,1214076.6427949194,time_window,risk_priority,rejected,100.0
791,292156795.6028177,274434724.3301893,1211648.4895093297,random,risk_priority,rejected,100.0
792,292156795.6028177,274434724.3301893,1209225.192530311,time_window,greedy,accepted_worse,100.0
793,292156795.6028177,274434724.3301893,1206806.7421452503,time_window,greedy,accepted_worse,100.0
794,292156795.6028177,274434724.3301893,1204393.12866096,time_window,greedy,accepted_worse,100.0
795,292156795.6028177,274434724.3301893,1201984.342403638,spatial,risk_priority,rejected,100.0
796,292156795.6028177,274434724.3301893,1199580.3737188308,spatial,risk_priority,rejected,98.18181818181819
797,292156795.6028177,274434724.3301893,1197181.212971393,time_window,risk_priority,rejected,100.0
798,292156795.6028177,274434724.3301893,1194786.8505454503,time_window,risk_priority,rejected,100.0
799,292156795.6028177,274434724.3301893,1192397.2768443595,random,greedy,rejected,100.0
800,292156795.6028177,274434724.3301893,1190012.4822906707,random,greedy,rejected,100.0
801,292156795.6028177,274434724.3301893,1187632.4573260895,spatial,greedy,rejected,100.0
802,292156795.6028177,274434724.3301893,1185257.1924114374,time_window,greedy,rejected,100.0
803,292156795.6028177,274434724.3301893,1182886.6780266145,spatial,greedy,rejected,100.0
804,292156795.6028177,274434724.3301893,1180520.9046705612,time_window,greedy,rejected,100.0
805,292156795.6028177,274434724.3301893,1178159.86286122,time_window,risk_priority,rejected,97.27272727272727
806,286810021.9186076,274434724.3301893,1175803.5431354975,time_window,risk_priority,improvement,100.0
807,286810021.9186076,274434724.3301893,1173451.9360492264,time_window,greedy,rejected,100.0
808,286810021.9186076,274434724.3301893,1171105.032177128,time_window,risk_priority,accepted_worse,100.0
809,286810021.9186076,274434724.3301893,1168762.8221127735,time_window,risk_priority,accepted_worse,100.0
810,286810021.9186076,274434724.3301893,1166425.296468548,random,greedy,rejected,100.0
811,286810021.9186076,274434724.3301893,1164092.445875611,random,greedy,rejected,100.0
812,286810021.9186076,274434724.3301893,1161764.2609838597,random,greedy,rejected,100.0
813,286810021.9186076,274434724.3301893,1159440.7324618918,spatial,greedy,rejected,100.0
814,286810021.9186076,274434724.3301893,1157121.850996968,spatial,risk_priority,rejected,100.0
815,286810021.9186076,274434724.3301893,1154807.6072949742,spatial,greedy,rejected,100.0
816,286810021.9186076,274434724.3301893,1152497.9920803842,time_window,greedy,accepted_worse,100.0
817,286810021.9186076,274434724.3301893,1150192.9960962234,random,risk_priority,rejected,98.18181818181819
818,286810021.9186076,274434724.3301893,1147892.610104031,time_window,greedy,accepted_worse,100.0
819,286810021.9186076,274434724.3301893,1145596.8248838228,time_window,greedy,rejected,100.0
820,286810021.9186076,274434724.3301893,1143305.6312340552,time_window,greedy,accepted_worse,100.0
821,286810021.9186076,274434724.3301893,1141019.019971587,random,regret,rejected,99.0909090909091
822,286810021.9186076,274434724.3301893,1138736.9819316438,time_window,greedy,accepted_worse,100.0
823,286810021.9186076,274434724.3301893,1136459.5079677806,random,greedy,rejected,99.0909090909091
824,286810021.9186076,274434724.3301893,1134186.588951845,time_window,risk_priority,rejected,96.36363636363636
825,286810021.9186076,274434724.3301893,1131918.2157739413,time_window,greedy,accepted_worse,100.0
826,286810021.9186076,274434724.3301893,1129654.3793423933,time_window,greedy,accepted_worse,100.0
827,286810021.9186076,274434724.3301893,1127395.0705837084,random,greedy,rejected,100.0
828,286810021.9186076,274434724.3301893,1125140.280442541,time_window,risk_priority,accepted_worse,100.0
829,286810021.9186076,274434724.3301893,1122889.999881656,spatial,greedy,rejected,97.27272727272727
830,286810021.9186076,274434724.3301893,1120644.2198818927,time_window,greedy,accepted_worse,100.0
831,286810021.9186076,274434724.3301893,1118402.931442129,random,greedy,rejected,99.0909090909091
832,286810021.9186076,274434724.3301893,1116166.1255792447,time_window,greedy,accepted_worse,100.0
833,286810021.9186076,274434724.3301893,1113933.7933280861,spatial,greedy,rejected,99.0909090909091
834,286810021.9186076,274434724.3301893,1111705.92574143,spatial,greedy,accepted_worse,100.0
835,286810021.9186076,274434724.3301893,1109482.513889947,time_window,risk_priority,rejected,96.36363636363636
836,286810021.9186076,274434724.3301893,1107263.5488621672,time_window,greedy,accepted_worse,100.0
837,286810021.9186076,274434724.3301893,1105049.0217644428,time_window,greedy,accepted_worse,100.0
838,286810021.9186076,274434724.3301893,1102838.923720914,time_window,greedy,accepted_worse,100.0
839,286810021.9186076,274434724.3301893,1100633.2458734722,time_window,risk_priority,rejected,100.0
840,286810021.9186076,274434724.3301893,1098431.9793817252,time_window,greedy,accepted_worse,100.0
841,286810021.9186076,274434724.3301893,1096235.1154229618,time_window,risk_priority,rejected,100.0
842,286810021.9186076,274434724.3301893,1094042.6451921158,time_window,greedy,accepted_worse,100.0
843,286810021.9186076,274434724.3301893,1091854.5599017316,random,greedy,rejected,99.0909090909091
844,286810021.9186076,274434724.3301893,1089670.850781928,time_window,greedy,rejected,100.0
845,286810021.9186076,274434724.3301893,1087491.5090803641,random,risk_priority,rejected,100.0
846,286810021.9186076,274434724.3301893,1085316.5260622033,time_window,greedy,accepted_worse,100.0
847,286810021.9186076,274434724.3301893,1083145.893010079,spatial,regret,rejected,100.0
848,286810021.9186076,274434724.3301893,1080979.6012240588,time_window,greedy,accepted_worse,100.0
849,286810021.9186076,274434724.3301893,1078817.6420216106,time_window,greedy,accepted_worse,100.0
850,286810021.9186076,274434724.3301893,1076660.0067375675,time_window,greedy,accepted_worse,100.0
851,286810021.9186076,274434724.3301893,1074506.6867240923,random,risk_priority,rejected,100.0
852,286810021.9186076,274434724.3301893,1072357.673350644,time_window,greedy,rejected,100.0
853,286810021.9186076,274434724.3301893,1070212.9580039429,spatial,greedy,rejected,98.18181818181819
854,286810021.9186076,274434724.3301893,1068072.532087935,random,greedy,rejected,100.0
855,286810021.9186076,274434724.3301893,1065936.387023759,random,greedy,rejected,100.0
856,286810021.9186076,274434724.3301893,1063804.5142497115,spatial,greedy,rejected,98.18181818181819
857,286810021.9186076,274434724.3301893,1061676.9052212122,time_window,greedy,accepted_worse,100.0
858,286810021.9186076,274434724.3301893,1059553.5514107698,random,greedy,rejected,100.0
859,286810021.9186076,274434724.3301893,1057434.4443079482,random,greedy,rejected,100.0
860,286810021.9186076,274434724.3301893,1055319.5754193324,random,greedy,accepted_worse,100.0
861,286810021.9186076,274434724.3301893,1053208.9362684938,random,greedy,rejected,100.0
862,286810021.9186076,274434724.3301893,1051102.5183959568,time_window,greedy,rejected,99.0909090909091
863,286810021.9186076,274434724.3301893,1049000.3133591649,time_window,greedy,rejected,100.0
864,286810021.9186076,274434724.3301893,1046902.3127324466,random,greedy,rejected,100.0
865,286810021.9186076,274434724.3301893,1044808.5081069816,time_window,greedy,accepted_worse,100.0
866,286810021.9186076,274434724.3301893,1042718.8910907677,random,risk_priority,rejected,100.0
867,286810021.9186076,274434724.3301893,1040633.4533085861,time_window,greedy,rejected,100.0
868,286810021.9186076,274434724.3301893,1038552.1864019689,random,greedy,rejected,100.0
869,286810021.9186076,274434724.3301893,1036475.082029165,random,greedy,rejected,100.0
870,286810021.9186076,274434724.3301893,1034402.1318651066,time_window,greedy,accepted_worse,100.0
871,286810021.9186076,274434724.3301893,1032333.3276013765,time_window,risk_priority,rejected,100.0
872,286810021.9186076,274434724.3301893,1030268.6609461737,random,greedy,rejected,98.18181818181819
873,286810021.9186076,274434724.3301893,1028208.1236242814,time_window,greedy,accepted_worse,100.0
874,286810021.9186076,274434724.3301893,1026151.7073770328,random,risk_priority,rejected,99.0909090909091
875,286810021.9186076,274434724.3301893,1024099.4039622787,time_window,risk_priority,rejected,96.36363636363636
876,286810021.9186076,274434724.3301893,1022051.2051543542,time_window,greedy,rejected,100.0
877,286810021.9186076,274434724.3301893,1020007.1027440456,time_window,greedy,accepted_worse,100.0
878,286810021.9186076,274434724.3301893,1017967.0885385574,time_window,greedy,accepted_worse,100.0
879,283590009.6407131,274434724.3301893,1015931.1543614803,time_window,risk_priority,improvement,100.0
880,283590009.6407131,274434724.3301893,1013899.2920527573,time_window,greedy,accepted_worse,100.0
881,283590009.6407131,274434724.3301893,1011871.4934686518,time_window,risk_priority,rejected,96.36363636363636
882,283590009.6407131,274434724.3301893,1009847.7504817145,time_window,risk_priority,rejected,100.0
883,283590009.6407131,274434724.3301893,1007828.054980751,time_window,greedy,accepted_worse,100.0
884,283590009.6407131,274434724.3301893,1005812.3988707896,time_window,greedy,accepted_worse,100.0
885,283590009.6407131,274434724.3301893,1003800.774073048,time_window,risk_priority,rejected,100.0
886,283590009.6407131,274434724.3301893,1001793.1725249019,random,greedy,rejected,100.0
887,283590009.6407131,274434724.3301893,999789.5861798521,time_window,risk_priority,rejected,100.0
888,283590009.6407131,274434724.3301893,997790.0070074925,time_window,greedy,rejected,100.0
889,283590009.6407131,274434724.3301893,995794.4269934775,random,risk_priority,rejected,99.0909090909091
890,283590009.6407131,274434724.3301893,993802.8381394906,time_window,greedy,accepted_worse,100.0
891,283590009.6407131,274434724.3301893,991815.2324632116,time_window,risk_priority,rejected,100.0
892,283590009.6407131,274434724.3301893,989831.6019982852,time_window,greedy,rejected,100.0
893,283590009.6407131,274434724.3301893,987851.9387942886,time_window,greedy,rejected,100.0
894,283590009.6407131,274434724.3301893,985876.2349166999,time_window,greedy,accepted_worse,100.0
895,281914247.57439715,274434724.3301893,983904.4824468666,time_window,risk_priority,improvement,100.0
896,278914782.88492393,274434724.3301893,981936.6734819729,time_window,risk_priority,improvement,100.0
897,278914782.88492393,274434724.3301893,979972.800135009,spatial,greedy,rejected,100.0
898,278914782.88492393,274434724.3301893,978012.8545347389,spatial,greedy,rejected,99.0909090909091
899,278914782.88492393,274434724.3301893,976056.8288256695,time_window,greedy,accepted_worse,100.0
900,278914782.88492393,274434724.3301893,974104.7151680181,time_window,greedy,rejected,100.0
901,278914782.88492393,274434724.3301893,972156.5057376821,spatial,greedy,rejected,100.0
902,278914782.88492393,274434724.3301893,970212.1927262067,spatial,greedy,rejected,98.18181818181819
903,278914782.88492393,274434724.3301893,968271.7683407543,time_window,risk_priority,rejected,100.0
904,278914782.88492393,274434724.3301893,966335.2248040728,spatial,greedy,rejected,100.0
905,278914782.88492393,274434724.3301893,964402.5543544646,random,greedy,rejected,100.0
906,278914782.88492393,274434724.3301893,962473.7492457557,spatial,risk_priority,rejected,99.0909090909091
907,278914782.88492393,274434724.3301893,960548.8017472642,spatial,risk_priority,rejected,99.0909090909091
908,278914782.88492393,274434724.3301893,958627.7041437697,worst,greedy,rejected,99.0909090909091
909,278914782.88492393,274434724.3301893,956710.4487354822,time_window,greedy,accepted_worse,100.0
910,278914782.88492393,274434724.3301893,954797.0278380112,time_window,greedy,accepted_worse,100.0
911,278914782.88492393,274434724.3301893,952887.4337823351,time_window,greedy,accepted_worse,100.0
912,278914782.88492393,274434724.3301893,950981.6589147705,time_window,greedy,accepted_worse,100.0
913,278914782.88492393,274434724.3301893,949079.6955969409,random,greedy,rejected,99.0909090909091
914,278914782.88492393,274434724.3301893,947181.536205747,spatial,greedy,rejected,100.0
915,278914782.88492393,274434724.3301893,945287.1731333355,spatial,greedy,rejected,100.0
916,279163445.6028187,274434724.3301893,943396.5987870689,time_window,risk_priority,accepted_worse,100.0
917,279163445.6028187,274434724.3301893,941509.8055894948,time_window,greedy,accepted_worse,100.0
918,279050080.69334495,274434724.3301893,939626.7859783157,time_window,risk_priority,improvement,100.0
919,279050080.69334495,274434724.3301893,937747.5324063591,time_window,risk_priority,rejected,100.0
920,279050080.69334495,274434724.3301893,935872.0373415464,random,risk_priority,rejected,99.0909090909091
921,279050080.69334495,274434724.3301893,934000.2932668633,time_window,risk_priority,rejected,100.0
922,279050080.69334495,274434724.3301893,932132.2926803296,time_window,greedy,accepted_worse,100.0
923,279050080.69334495,274434724.3301893,930268.028094969,random,greedy,rejected,99.0909090909091
924,279050080.69334495,274434724.3301893,928407.4920387791,time_window,greedy,rejected,100.0
925,279050080.69334495,274434724.3301893,926550.6770547015,time_window,greedy,rejected,99.0909090909091
926,279050080.69334495,274434724.3301893,924697.5757005921,random,risk_priority,rejected,98.18181818181819
927,279050080.69334495,274434724.3301893,922848.180549191,time_window,risk_priority,rejected,100.0
928,279050080.69334495,274434724.3301893,921002.4841880925,spatial,greedy,rejected,100.0
929,279050080.69334495,274434724.3301893,919160.4792197164,time_window,greedy,accepted_worse,100.0
930,279050080.69334495,274434724.3301893,917322.158261277,time_window,greedy,accepted_worse,100.0
931,279050080.69334495,274434724.3301893,915487.5139447545,time_window,greedy,accepted_worse,100.0
932,279050080.69334495,274434724.3301893,913656.538916865,spatial,greedy,rejected,100.0
933,279050080.69334495,274434724.3301893,911829.2258390313,time_window,risk_priority,rejected,100.0
934,279050080.69334495,274434724.3301893,910005.5673873532,spatial,risk_priority,rejected,98.18181818181819
935,279050080.69334495,274434724.3301893,908185.5562525785,random,risk_priority,rejected,100.0
936,279050080.69334495,274434724.3301893,906369.1851400733,time_window,risk_priority,rejected,96.36363636363636
937,279050080.69334495,274434724.3301893,904556.4467697932,time_window,greedy,accepted_worse,100.0
938,279050080.69334495,274434724.3301893,902747.3338762536,random,risk_priority,rejected,100.0
939,279050080.69334495,274434724.3301893,900941.839208501,time_window,greedy,accepted_worse,100.0
940,279050080.69334495,274434724.3301893,899139.9555300841,time_window,greedy,accepted_worse,100.0
941,279050080.69334495,274434724.3301893,897341.675619024,spatial,regret,rejected,100.0
942,279050080.69334495,274434724.3301893,895546.992267786,time_window,risk_priority,rejected,100.0
943,279050080.69334495,274434724.3301893,893755.8982832504,time_window,greedy,accepted_worse,100.0
944,279557156.78913444,274434724.3301893,891968.3864866839,time_window,risk_priority,accepted_worse,100.0
945,278534109.6407135,274434724.3301893,890184.4497137105,time_window,risk_priority,improvement,100.0
946,278534109.6407135,274434724.3301893,888404.080814283,time_window,greedy,accepted_worse,100.0
947,278534109.6407135,274434724.3301893,886627.2726526544,time_window,risk_priority,rejected,100.0
948,278534109.6407135,274434724.3301893,884854.0181073492,time_window,risk_priority,rejected,100.0
949,278534109.6407135,274434724.3301893,883084.3100711345,time_window,greedy,accepted_worse,100.0
950,278534109.6407135,274434724.3301893,881318.1414509922,time_window,risk_priority,rejected,100.0
951,278534109.6407135,274434724.3301893,879555.5051680902,time_window,greedy,rejected,100.0
952,278534109.6407135,274434724.3301893,877796.394157754,time_window,greedy,accepted_worse,100.0
953,278534109.6407135,274434724.3301893,876040.8013694385,time_window,greedy,rejected,99.0909090909091
954,278534109.6407135,274434724.3301893,874288.7197666997,spatial,greedy,rejected,100.0
955,278534109.6407135,274434724.3301893,872540.1423271663,time_window,risk_priority,rejected,100.0
956,278534109.6407135,274434724.3301893,870795.062042512,time_window,greedy,accepted_worse,100.0
957,278534109.6407135,274434724.3301893,869053.4719184269,time_window,greedy,accepted_worse,100.0
958,278534109.6407135,274434724.3301893,867315.36497459,time_window,risk_priority,rejected,100.0
959,278534109.6407135,274434724.3301893,865580.7342446408,time_window,greedy,rejected,100.0
960,278534109.6407135,274434724.3301893,863849.5727761515,random,greedy,rejected,100.0
961,278534109.6407135,274434724.3301893,862121.8736305991,spatial,greedy,rejected,100.0
962,278534109.6407135,274434724.3301893,860397.6298833379,time_window,greedy,accepted_worse,100.0
963,278534109.6407135,274434724.3301893,858676.8346235713,random,risk_priority,rejected,98.18181818181819
964,278534109.6407135,274434724.3301893,856959.4809543241,random,greedy,rejected,100.0
965,278534109.6407135,274434724.3301893,855245.5619924155,time_window,greedy,accepted_worse,100.0
966,278534109.6407135,274434724.3301893,853535.0708684307,random,greedy,rejected,100.0
967,278534109.6407135,274434724.3301893,851828.0007266938,spatial,greedy,rejected,100.0
968,278534109.6407135,274434724.3301893,850124.3447252404,worst,greedy,rejected,98.18181818181819
969,278534109.6407135,274434724.3301893,848424.0960357899,time_window,risk_priority,rejected,100.0
970,278534109.6407135,274434724.3301893,846727.2478437184,time_window,greedy,accepted_worse,100.0
971,278534109.6407135,274434724.3301893,845033.793348031,random,risk_priority,rejected,99.0909090909091
972,278534109.6407135,274434724.3301893,843343.725761335,time_window,risk_priority,rejected,100.0
973,278534109.6407135,274434724.3301893,841657.0383098123,spatial,risk_priority,rejected,100.0
974,278534109.6407135,274434724.3301893,839973.7242331927,random,greedy,rejected,99.0909090909091
975,278534109.6407135,274434724.3301893,838293.7767847263,time_window,greedy,accepted_worse,100.0
976,278534109.6407135,274434724.3301893,836617.1892311568,random,greedy,rejected,100.0
977,278534109.6407135,274434724.3301893,834943.9548526945,time_window,risk_priority,rejected,100.0
978,278534109.6407135,274434724.3301893,833274.0669429891,time_window,greedy,accepted_worse,100.0
979,278534109.6407135,274434724.3301893,831607.5188091032,time_window,greedy,accepted_worse,100.0
980,278534109.6407135,274434724.3301893,829944.303771485,spatial,risk_priority,rejected,100.0
981,278534109.6407135,274434724.3301893,828284.415163942,time_window,risk_priority,rejected,100.0
982,278534109.6407135,274434724.3301893,826627.8463336142,time_window,risk_priority,rejected,100.0
983,278534109.6407135,274434724.3301893,824974.590640947,time_window,greedy,rejected,100.0
984,278534109.6407135,274434724.3301893,823324.6414596651,time_window,greedy,accepted_worse,100.0
985,278534109.6407135,274434724.3301893,821677.9921767458,spatial,greedy,rejected,100.0
986,278534109.6407135,274434724.3301893,820034.6361923923,time_window,risk_priority,rejected,100.0
987,278534109.6407135,274434724.3301893,818394.5669200076,time_window,random,rejected,100.0
988,278534109.6407135,274434724.3301893,816757.7777861676,time_window,greedy,rejected,100.0
989,278534109.6407135,274434724.3301893,815124.2622305952,time_window,greedy,rejected,100.0
990,278534109.6407135,274434724.3301893,813494.013706134,time_window,greedy,accepted_worse,100.0
991,278534109.6407135,274434724.3301893,811867.0256787218,time_window,risk_priority,rejected,100.0
992,278534109.6407135,274434724.3301893,810243.2916273643,time_window,risk_priority,rejected,96.36363636363636
993,278534109.6407135,274434724.3301893,808622.8050441096,time_window,greedy,accepted_worse,100.0
994,278534109.6407135,274434724.3301893,807005.5594340214,time_window,greedy,rejected,100.0
995,278534109.6407135,274434724.3301893,805391.5483151533,time_window,greedy,rejected,100.0
996,278539372.5786082,274434724.3301893,803780.765218523,spatial,greedy,accepted_worse,100.0
997,278539372.5786082,274434724.3301893,802173.2036880859,time_window,greedy,rejected,100.0
998,278539372.5786082,274434724.3301893,800568.8572807097,time_window,greedy,rejected,100.0
999,278539372.5786082,274434724.3301893,798967.7195661482,time_window,greedy,accepted_worse,100.0
